id,name,artist_name,artist_genres,release_date,total_tracks,album_type,popularity,image_filename
1CS8eBSCVXMwYJytG5aYfX,Lover/Friend,Kaytranada,"['alternative r&b', 'escape room', 'indie soul', 'lgbtq+ hip hop']",2023-11-30,4,album,62,Lover/Friend.jpg
6qYJO4dmiWCqILHweWVmUf,KAYTRAMINÉ (Instrumentals),Kaytranada,"['alternative r&b', 'escape room', 'indie soul', 'lgbtq+ hip hop']",2023-09-15,11,album,42,KAYTRAMINÉ (Instrumentals).jpg
1plAqF2W8hwAhcpBAfGNsW,KAYTRAMINÉ,Kaytranada,"['alternative r&b', 'escape room', 'indie soul', 'lgbtq+ hip hop']",2023-05-19,11,album,68,KAYTRAMINÉ.jpg
2OKXfIrdweRkrZmgD0Ikaz,BUBBA (Instrumental Version),Kaytranada,"['alternative r&b', 'escape room', 'indie soul', 'lgbtq+ hip hop']",2020-09-04,13,album,42,BUBBA (Instrumental Version).jpg
5FQ4sOGqRWUA5wO20AwPcO,BUBBA,Kaytranada,"['alternative r&b', 'escape room', 'indie soul', 'lgbtq+ hip hop']",2019-12-13,17,album,72,BUBBA.jpg
6JD4Qerb8IcaAzFgpFw0sa,99.9%,Kaytranada,"['alternative r&b', 'escape room', 'indie soul', 'lgbtq+ hip hop']",2016-05-06,15,album,69,99.9%.jpg
4dWpQRkca47a9fA7W78rY3,Rebuke,Kaytranada,"['alternative r&b', 'escape room', 'indie soul', 'lgbtq+ hip hop']",2023-05-15,1,single,39,Rebuke.jpg
3unS7dpXcZ0MmNBDkp5Hqx,4EVA (feat. Pharrell Williams),Kaytranada,"['alternative r&b', 'escape room', 'indie soul', 'lgbtq+ hip hop']",2023-04-07,1,single,53,4EVA (feat. Pharrell Williams).jpg
5YTiQmOzu1m293UgtWNJSR,Assumptions (Kaytranada Edit),Kaytranada,"['alternative r&b', 'escape room', 'indie soul', 'lgbtq+ hip hop']",2023-03-10,2,single,47,Assumptions (Kaytranada Edit).jpg
1SFh4fpWMEThFiNnSAXLsg,All Along (Kaytranada Remix),Kaytranada,"['alternative r&b', 'escape room', 'indie soul', 'lgbtq+ hip hop']",2022-09-14,1,single,35,All Along (Kaytranada Remix).jpg
4rZPUX1MOeZ4XpJSta8Epm,Twin Flame,Kaytranada,"['alternative r&b', 'escape room', 'indie soul', 'lgbtq+ hip hop']",2022-08-02,2,single,33,Twin Flame.jpg
6LuY3APmuxui8BM2oibkrZ,Out Of Time (Remix Bundle),Kaytranada,"['alternative r&b', 'escape room', 'indie soul', 'lgbtq+ hip hop']",2022-04-22,4,single,47,Out Of Time (Remix Bundle).jpg
56Z5er1cgYmXDuG49B953d,Iced Tea,Kaytranada,"['alternative r&b', 'escape room', 'indie soul', 'lgbtq+ hip hop']",2022-03-16,1,single,45,Iced Tea.jpg
4BwfoXhDqTfiGS6pZueR9g,Intimidated,Kaytranada,"['alternative r&b', 'escape room', 'indie soul', 'lgbtq+ hip hop']",2021-11-19,3,single,67,Intimidated.jpg
4TUIDl1OR5xSqEy0tPZQDC,The Don & The Boss (KAYTRANADA Remix),Kaytranada,"['alternative r&b', 'escape room', 'indie soul', 'lgbtq+ hip hop']",2021-02-26,1,single,25,The Don & The Boss (KAYTRANADA Remix).jpg
4JOlhEazXmlErhrnmABjYZ,Caution,Kaytranada,"['alternative r&b', 'escape room', 'indie soul', 'lgbtq+ hip hop']",2021-02-18,1,single,41,Caution.jpg
5iO3erM9U06Ph7MNqaxVEo,Don’t Start Now (Kaytranada Remix),Kaytranada,"['alternative r&b', 'escape room', 'indie soul', 'lgbtq+ hip hop']",2020-09-11,1,single,29,Don’t Start Now (Kaytranada Remix).jpg
3bLZlNsCcoc4Ih0FtqPvkF,Teen Scene feat. Buddy,Kaytranada,"['alternative r&b', 'escape room', 'indie soul', 'lgbtq+ hip hop']",2020-09-07,1,single,36,Teen Scene feat. Buddy.jpg
6GyPVVUC4yDHTkP3NevWJc,Look Easy (feat. Lucky Daye),Kaytranada,"['alternative r&b', 'escape room', 'indie soul', 'lgbtq+ hip hop']",2020-07-16,3,single,31,Look Easy (feat. Lucky Daye).jpg
0kz0AX7wPB6yP67kqTtHfj,What You Need (feat. Charlotte Day Wilson),Kaytranada,"['alternative r&b', 'escape room', 'indie soul', 'lgbtq+ hip hop']",2019-12-12,1,single,24,What You Need (feat. Charlotte Day Wilson).jpg
68uIz7DtgDoPUFTKxdzL9t,In Utero (30th Anniversary Super Deluxe),Nirvana,"['grunge', 'permanent wave', 'rock']",2023-10-27,72,album,62,In Utero (30th Anniversary Super Deluxe).jpg
4Sdfp3NL90GZoYYwLmhk0H,Live And Loud,Nirvana,"['grunge', 'permanent wave', 'rock']",2019-07-26,17,album,51,Live And Loud.jpg
5A7qhg1w3J1GVoPPTChYCF,Live At The Paramount,Nirvana,"['grunge', 'permanent wave', 'rock']",2019-04-12,19,album,54,Live At The Paramount.jpg
01Z1nufhjxJVXVDuMRmNEM,Live at Reading,Nirvana,"['grunge', 'permanent wave', 'rock']",2009-01-01,24,album,58,Live at Reading.jpg
26paS1Rzj1L0d3Zr1WBTIj,From The Muddy Banks Of The Wishkah (Live),Nirvana,"['grunge', 'permanent wave', 'rock']",1996-10-01,17,album,47,From The Muddy Banks Of The Wishkah (Live).jpg
1tsNAUQqofHrnlezRK8D5R,MTV Unplugged In New York (25th Anniversary),Nirvana,"['grunge', 'permanent wave', 'rock']",1994-11-01,19,album,51,MTV Unplugged In New York (25th Anniversary).jpg
1To7kv722A8SpZF789MZy7,MTV Unplugged In New York,Nirvana,"['grunge', 'permanent wave', 'rock']",1994-11-01,14,album,78,MTV Unplugged In New York.jpg
14VVqBoDw1SxoNLW3Cj3mN,In Utero (Super Deluxe Edition),Nirvana,"['grunge', 'permanent wave', 'rock']",1993-09-21,60,album,54,In Utero (Super Deluxe Edition).jpg
6ohX7moZZnF1FwYrli1OJ6,In Utero (Deluxe Edition),Nirvana,"['grunge', 'permanent wave', 'rock']",1993-09-21,43,album,79,In Utero (Deluxe Edition).jpg
7wOOA7l306K8HfBKfPoafr,In Utero,Nirvana,"['grunge', 'permanent wave', 'rock']",1993-09-21,12,album,78,In Utero.jpg
6ICrBzsbHVluGHP8wGK4Y3,Incesticide,Nirvana,"['grunge', 'permanent wave', 'rock']",1992-12-14,15,album,70,Incesticide.jpg
3FFGbUutKWN1c4f0CJR4Uh,Nevermind (Super Deluxe Edition),Nirvana,"['grunge', 'permanent wave', 'rock']",1991-09-26,70,album,55,Nevermind (Super Deluxe Edition).jpg
2UJcKiJxNryhL050F5Z1Fk,Nevermind (Remastered),Nirvana,"['grunge', 'permanent wave', 'rock']",1991-09-26,13,album,85,Nevermind (Remastered).jpg
1ySR0W1hHxPDKCBWdvzRvc,Nevermind (Deluxe Edition),Nirvana,"['grunge', 'permanent wave', 'rock']",1991-09-26,40,album,55,Nevermind (Deluxe Edition).jpg
0ezJun7CKk7Hh70MPL0dcJ,Nevermind (30th Anniversary Super Deluxe),Nirvana,"['grunge', 'permanent wave', 'rock']",1991-09-24,75,album,57,Nevermind (30th Anniversary Super Deluxe).jpg
0CqchZDaOxckvjnKKfJh1w,Bleach (Deluxe Edition),Nirvana,"['grunge', 'permanent wave', 'rock']",1989-06-15,25,album,53,Bleach (Deluxe Edition).jpg
1KVGLuPtrMrLlyy4Je6df7,Bleach,Nirvana,"['grunge', 'permanent wave', 'rock']",1989-06-01,13,album,78,Bleach.jpg
59l8Nwhl8l7mmxiVv9Bzbk,In Utero 30th Live,Nirvana,"['grunge', 'permanent wave', 'rock']",2023-09-29,4,single,36,In Utero 30th Live.jpg
1M21aoxBZ7vlD8MaJQJOXm,Smells Like Teen Spirit / In Bloom / On A Plain / Lithium / Breed,Nirvana,"['grunge', 'permanent wave', 'rock']",2021-11-10,5,single,8,Smells Like Teen Spirit / In Bloom / On A Plain / Lithium / Breed.jpg
0aVgmvyum9WqxM6jB9xc04,In Bloom / On A Plain / Lithium / Breed,Nirvana,"['grunge', 'permanent wave', 'rock']",2021-11-05,4,single,4,In Bloom / On A Plain / Lithium / Breed.jpg
6SDPwUC74HcxwB84kPs4pM,The Dark Side Of The Moon (Live at Wembley 1974) [2023 Master],Pink Floyd,"['album rock', 'art rock', 'classic rock', 'progressive rock', 'psychedelic rock', 'rock', 'symphonic rock']",2023-03-24,10,album,49,The Dark Side Of The Moon (Live at Wembley 1974) [2023 Master].jpg
5JZxCVMYJqplJhJgfytng2,Live at Knebworth 1990,Pink Floyd,"['album rock', 'art rock', 'classic rock', 'progressive rock', 'psychedelic rock', 'rock', 'symphonic rock']",2021-04-30,7,album,40,Live at Knebworth 1990.jpg
2lK80Nb29iqCzaRiERvNDS,Delicate Sound of Thunder (2019 Remix) [Live],Pink Floyd,"['album rock', 'art rock', 'classic rock', 'progressive rock', 'psychedelic rock', 'rock', 'symphonic rock']",2020-11-20,23,album,48,Delicate Sound of Thunder (2019 Remix) [Live].jpg
0yU7VItpGPmPcvKmwLg0JT,The Endless River,Pink Floyd,"['album rock', 'art rock', 'classic rock', 'progressive rock', 'psychedelic rock', 'rock', 'symphonic rock']",2014-11-10,21,album,53,The Endless River.jpg
1uSpngQgBBgwRFYS5sOdqI,Pulse (Live),Pink Floyd,"['album rock', 'art rock', 'classic rock', 'progressive rock', 'psychedelic rock', 'rock', 'symphonic rock']",1995-05-29,25,album,62,Pulse (Live).jpg
5F0IQXuHfTV7SBvZVnXERl,The Division Bell,Pink Floyd,"['album rock', 'art rock', 'classic rock', 'progressive rock', 'psychedelic rock', 'rock', 'symphonic rock']",1994,11,album,67,The Division Bell.jpg
4Iy1JP7YE0d256eCwn3VJA,Delicate Sound of Thunder (Live),Pink Floyd,"['album rock', 'art rock', 'classic rock', 'progressive rock', 'psychedelic rock', 'rock', 'symphonic rock']",1988-11-22,15,album,50,Delicate Sound of Thunder (Live).jpg
4xODvcpjOOgu4oKWL0sCte,A Momentary Lapse of Reason,Pink Floyd,"['album rock', 'art rock', 'classic rock', 'progressive rock', 'psychedelic rock', 'rock', 'symphonic rock']",1987-09-08,11,album,63,A Momentary Lapse of Reason.jpg
1NtBP8apWQHu9Sa4WJ7C3l,A Momentary Lapse of Reason (2019 Remix),Pink Floyd,"['album rock', 'art rock', 'classic rock', 'progressive rock', 'psychedelic rock', 'rock', 'symphonic rock']",1987-09-07,11,album,41,A Momentary Lapse of Reason (2019 Remix).jpg
1yMenUMOx7BpfTDuVQs99y,The Final Cut,Pink Floyd,"['album rock', 'art rock', 'classic rock', 'progressive rock', 'psychedelic rock', 'rock', 'symphonic rock']",1983-03-21,13,album,58,The Final Cut.jpg
5Dbax7G8SWrP9xyzkOvy2F,The Wall,Pink Floyd,"['album rock', 'art rock', 'classic rock', 'progressive rock', 'psychedelic rock', 'rock', 'symphonic rock']",1979-11-30,26,album,81,The Wall.jpg
3b4E89rxzZQ9zkhgKpj8N4,Animals,Pink Floyd,"['album rock', 'art rock', 'classic rock', 'progressive rock', 'psychedelic rock', 'rock', 'symphonic rock']",1977-01-23,5,album,64,Animals.jpg
0Unhg884FzoZhVWyrMvtAG,Animals (2018 Remix),Pink Floyd,"['album rock', 'art rock', 'classic rock', 'progressive rock', 'psychedelic rock', 'rock', 'symphonic rock']",1977-01-21,5,album,45,Animals (2018 Remix).jpg
0bCAjiUamIFqKJsekOYuRw,Wish You Were Here,Pink Floyd,"['album rock', 'art rock', 'classic rock', 'progressive rock', 'psychedelic rock', 'rock', 'symphonic rock']",1975-09-12,5,album,75,Wish You Were Here.jpg
2xGMvroBbxek49QWF0hzpI,The Dark Side Of The Moon (50th Anniversary) [2023 Remaster],Pink Floyd,"['album rock', 'art rock', 'classic rock', 'progressive rock', 'psychedelic rock', 'rock', 'symphonic rock']",1973-03-02,10,album,51,The Dark Side Of The Moon (50th Anniversary) [2023 Remaster].jpg
4LH4d3cOWNNsVw41Gqt2kv,The Dark Side of the Moon,Pink Floyd,"['album rock', 'art rock', 'classic rock', 'progressive rock', 'psychedelic rock', 'rock', 'symphonic rock']",1973-03-01,10,album,80,The Dark Side of the Moon.jpg
00BBpx0gG4KfQtxSJBPKUZ,Obscured by Clouds,Pink Floyd,"['album rock', 'art rock', 'classic rock', 'progressive rock', 'psychedelic rock', 'rock', 'symphonic rock']",1972-06-03,10,album,55,Obscured by Clouds.jpg
468ZwCchVtzEbt9BHmXopb,Meddle,Pink Floyd,"['album rock', 'art rock', 'classic rock', 'progressive rock', 'psychedelic rock', 'rock', 'symphonic rock']",1971-11-11,6,album,62,Meddle.jpg
2cUpAOlQjV5uSjkWj5bEQY,Atom Heart Mother,Pink Floyd,"['album rock', 'art rock', 'classic rock', 'progressive rock', 'psychedelic rock', 'rock', 'symphonic rock']",1970-10-05,5,album,50,Atom Heart Mother.jpg
3IPhWIXHOAhS2npnq6FiCG,Ummagumma,Pink Floyd,"['album rock', 'art rock', 'classic rock', 'progressive rock', 'psychedelic rock', 'rock', 'symphonic rock']",1969-10-25,16,album,45,Ummagumma.jpg
0Wf65emw9eAwbjJ45gMMqp,Watching Movies with the Sound Off (10th Anniversary),Mac Miller,"['hip hop', 'pittsburgh rap', 'rap']",2023-06-23,20,album,63,Watching Movies with the Sound Off (10th Anniversary).jpg
5LNX3esjvdBJ6hN4XDvCJn,"I Love Life, Thank You",Mac Miller,"['hip hop', 'pittsburgh rap', 'rap']",2022-07-22,13,album,74,"I Love Life, Thank You.jpg"
5SKnXCvB4fcGSZu32o3LRY,Faces,Mac Miller,"['hip hop', 'pittsburgh rap', 'rap']",2021-10-15,25,album,72,Faces.jpg
1YZ3k65Mqw3G8FzYlW1mmp,Circles (Deluxe),Mac Miller,"['hip hop', 'pittsburgh rap', 'rap']",2020-03-19,14,album,65,Circles (Deluxe).jpg
5sY6UIQ32GqwMLAfSNEaXb,Circles,Mac Miller,"['hip hop', 'pittsburgh rap', 'rap']",2020-01-17,12,album,79,Circles.jpg
5wtE5aLX5r7jOosmPhJhhk,Swimming,Mac Miller,"['hip hop', 'pittsburgh rap', 'rap']",2018-08-03,13,album,83,Swimming.jpg
6f6tko6NWoH00cyFOl4VYQ,The Divine Feminine,Mac Miller,"['hip hop', 'pittsburgh rap', 'rap']",2016-09-16,10,album,81,The Divine Feminine.jpg
0YA7XxxfkaGwecj3liSTvj,Best Day Ever (5th Anniversary Remastered Edition),Mac Miller,"['hip hop', 'pittsburgh rap', 'rap']",2016-06-03,16,album,71,Best Day Ever (5th Anniversary Remastered Edition).jpg
2Tyx5dLhHYkx6zeAdVaTzN,GO:OD AM,Mac Miller,"['hip hop', 'pittsburgh rap', 'rap']",2015-09-18,17,album,77,GO:OD AM.jpg
1aDhas2rvJmiGw3zVVI3mm,Live From Space,Mac Miller,"['hip hop', 'pittsburgh rap', 'rap']",2013-12-17,14,album,50,Live From Space.jpg
5lftuHeYvtCA64xGfUviwS,Watching Movies with the Sound Off,Mac Miller,"['hip hop', 'pittsburgh rap', 'rap']",2013-06-18,16,album,68,Watching Movies with the Sound Off.jpg
0LdaWkTotOqOcUxwEPBF6N,Mac Miller : Live From London (With The Internet),Mac Miller,"['hip hop', 'pittsburgh rap', 'rap']",2013-01-01,7,album,27,Mac Miller : Live From London (With The Internet).jpg
1xCNBnc7Gm2VudnyeyZ11Q,Macadelic,Mac Miller,"['hip hop', 'pittsburgh rap', 'rap']",2012-03-23,17,album,71,Macadelic.jpg
3jRFaGrEgmH4amGNQrEVhW,Blue Slide Park (Commentary Version),Mac Miller,"['hip hop', 'pittsburgh rap', 'rap']",2011-11-15,32,album,41,Blue Slide Park (Commentary Version).jpg
17mAoDs7T8EA9zzlj6QPBv,Blue Slide Park,Mac Miller,"['hip hop', 'pittsburgh rap', 'rap']",2011-11-08,16,album,68,Blue Slide Park.jpg
6TFm9KGW7Lbxrl2Zsg4X9R,K.I.D.S. (Deluxe),Mac Miller,"['hip hop', 'pittsburgh rap', 'rap']",2010-08-13,18,album,79,K.I.D.S. (Deluxe).jpg
1jzqEyjugAp9iLtRsj9LZg,K.I.D.S.,Mac Miller,"['hip hop', 'pittsburgh rap', 'rap']",2010-08-13,16,album,76,K.I.D.S..jpg
6oKK0oLdErWSkKIul6PjzF,Therapy pt. 2 [Feat. Mac Miller],Mac Miller,"['hip hop', 'pittsburgh rap', 'rap']",2022-10-10,1,single,42,Therapy pt. 2 [Feat. Mac Miller].jpg
5KBdvvmKJE0vVJkzZGfLzj,Colors and Shapes,Mac Miller,"['hip hop', 'pittsburgh rap', 'rap']",2021-09-15,1,single,42,Colors and Shapes.jpg
3CC2CaWbWSxaQiVhXj5MOs,I Believed It (feat. Mac Miller),Mac Miller,"['hip hop', 'pittsburgh rap', 'rap']",2021-07-01,1,single,26,I Believed It (feat. Mac Miller).jpg
1aoWxOWHJNG1VPpJZwpYl2,Cracker Island (Deluxe),Gorillaz,"['alternative hip hop', 'modern rock', 'rock']",2023-02-27,15,album,65,Cracker Island (Deluxe).jpg
4wtZQMNTC1O79kDxMBsEan,Cracker Island,Gorillaz,"['alternative hip hop', 'modern rock', 'rock']",2023-02-24,10,album,74,Cracker Island.jpg
5I9K0u8r52jp4Y2bF8mOaz,"Song Machine, Season One: Strange Timez (Deluxe)",Gorillaz,"['alternative hip hop', 'modern rock', 'rock']",2020-10-23,17,album,66,"Song Machine, Season One: Strange Timez (Deluxe).jpg"
1amYhlukNF8WdaQC3gKkgL,The Now Now,Gorillaz,"['alternative hip hop', 'modern rock', 'rock']",2018-06-29,11,album,68,The Now Now.jpg
0NvirtaDCaZU5PAW1O5FDE,Humanz (Deluxe),Gorillaz,"['alternative hip hop', 'modern rock', 'rock']",2017-04-28,26,album,73,Humanz (Deluxe).jpg
0696xC5ne3egtnSXp6T4Yg,Humanz,Gorillaz,"['alternative hip hop', 'modern rock', 'rock']",2017-04-28,19,album,28,Humanz.jpg
0J3u0IeHzuymSz7v934vrd,Demon Days Live at the Manchester Opera House,Gorillaz,"['alternative hip hop', 'modern rock', 'rock']",2011-11-25,17,album,43,Demon Days Live at the Manchester Opera House.jpg
2dIGnmEIy1WZIcZCFSj6i8,Plastic Beach,Gorillaz,"['alternative hip hop', 'modern rock', 'rock']",2010-03-03,16,album,80,Plastic Beach.jpg
5jJGGsAztgUEXUHHZ2zrah,The Fall,Gorillaz,"['alternative hip hop', 'modern rock', 'rock']",2010,15,album,55,The Fall.jpg
2w4tLG1JH25BysuILfkI0x,D-Sides [Special Edition],Gorillaz,"['alternative hip hop', 'modern rock', 'rock']",2007-11-19,23,album,47,D-Sides [Special Edition].jpg
0pdYY0CHFRVFLBZEPEKTMZ,D-Sides,Gorillaz,"['alternative hip hop', 'modern rock', 'rock']",2007-11-19,22,album,53,D-Sides.jpg
0bUTHlWbkSQysoM3VsWldT,Demon Days,Gorillaz,"['alternative hip hop', 'modern rock', 'rock']",2005-05-23,15,album,84,Demon Days.jpg
0yPLNfI8WPJWFoJugr0KAv,Laika Come Home,Gorillaz,"['alternative hip hop', 'modern rock', 'rock']",2002-07-01,12,album,43,Laika Come Home.jpg
4tUxQkrduOE8sfgwJ5BI2F,Gorillaz,Gorillaz,"['alternative hip hop', 'modern rock', 'rock']",2001-03-26,17,album,74,Gorillaz.jpg
7BVQ5jsPNkmQUnlOU0mg6e,New Gold (feat. Tame Impala and Bootie Brown) [Dom Dolla Remix],Gorillaz,"['alternative hip hop', 'modern rock', 'rock']",2022-11-18,2,single,58,New Gold (feat. Tame Impala and Bootie Brown) [Dom Dolla Remix].jpg
6WHjLRAwmnJv2cHqVZrmOt,Baby Queen,Gorillaz,"['alternative hip hop', 'modern rock', 'rock']",2022-11-04,1,single,46,Baby Queen.jpg
4V9YFKLqZ5h8nQFTvDQscC,New Gold (feat. Tame Impala and Bootie Brown),Gorillaz,"['alternative hip hop', 'modern rock', 'rock']",2022-08-31,1,single,59,New Gold (feat. Tame Impala and Bootie Brown).jpg
3488fiYQcGSfkKKpr3ttCD,Cracker Island (feat. Thundercat),Gorillaz,"['alternative hip hop', 'modern rock', 'rock']",2022-06-22,1,single,57,Cracker Island (feat. Thundercat).jpg
0q19TmDISPRbmRIZJyrEz6,Meanwhile EP,Gorillaz,"['alternative hip hop', 'modern rock', 'rock']",2021-08-26,3,single,46,Meanwhile EP.jpg
3zbsMjY1aAWZEHQcC5N3hu,The Now Now (Gorillaz 20 Mix),Gorillaz,"['alternative hip hop', 'modern rock', 'rock']",2021-06-29,1,single,18,The Now Now (Gorillaz 20 Mix).jpg
2jK2rbbnrzsId5WWSc67HP,Drop 7,Little Simz,"['alternative r&b', 'escape room', 'trap queen']",2024-02-09,7,album,70,Drop 7.jpg
57263zG8Md6XZ9lBUPPYCm,NO THANK YOU,Little Simz,"['alternative r&b', 'escape room', 'trap queen']",2022-12-12,10,album,65,NO THANK YOU.jpg
4nOym5RKE8Opauf3rMxPAW,Sometimes I Might Be Introvert,Little Simz,"['alternative r&b', 'escape room', 'trap queen']",2021-09-03,19,album,68,Sometimes I Might Be Introvert.jpg
3Z8Df4ghTJ7afEWkurB2I1,GREY Area,Little Simz,"['alternative r&b', 'escape room', 'trap queen']",2019-03-01,10,album,64,GREY Area.jpg
5Hie74vOip1lR1VOk6i2DI,Stillness In Wonderland (Deluxe Edition),Little Simz,"['alternative r&b', 'escape room', 'trap queen']",2017-11-03,23,album,42,Stillness In Wonderland (Deluxe Edition).jpg
4hXcI8zGSBClqEs72f0GGR,A Curious Tale of Trials + Persons,Little Simz,"['alternative r&b', 'escape room', 'trap queen']",2015-09-18,10,album,36,A Curious Tale of Trials + Persons.jpg
32RJzqlapfiU0fr2l4SSW9,E.D.G.E,Little Simz,"['alternative r&b', 'escape room', 'trap queen']",2014-10-03,13,album,31,E.D.G.E.jpg
1o0XDWp8dSojoZ7yZh6fgu,Blank Canvas,Little Simz,"['alternative r&b', 'escape room', 'trap queen']",2014-10-03,12,album,38,Blank Canvas.jpg
3HquAICHyEiZYOANDefdXt,Venom (Remix) [from Venom: Let There Be Carnage],Little Simz,"['alternative r&b', 'escape room', 'trap queen']",2021-10-01,1,single,31,Venom (Remix) [from Venom: Let There Be Carnage].jpg
3wHjrWhk4dg9Mk0vieg5aK,Point and Kill,Little Simz,"['alternative r&b', 'escape room', 'trap queen']",2021-09-01,1,single,21,Point and Kill.jpg
3HoLZn0rGd1jRffEQKKz5c,"I Love You, I Hate You",Little Simz,"['alternative r&b', 'escape room', 'trap queen']",2021-07-08,1,single,11,"I Love You, I Hate You.jpg"
5legQfsV5f5YSOlrHIPRPz,Rollin Stone,Little Simz,"['alternative r&b', 'escape room', 'trap queen']",2021-06-14,1,single,12,Rollin Stone.jpg
0AYztKSTNeElcShrbQx0gx,Woman,Little Simz,"['alternative r&b', 'escape room', 'trap queen']",2021-05-06,1,single,18,Woman.jpg
0HmDIZgIFxVQsfvBusjcGs,Introvert,Little Simz,"['alternative r&b', 'escape room', 'trap queen']",2021-04-21,1,single,11,Introvert.jpg
5kleJz7Rct23Gan0hdKXiA,Drop 6,Little Simz,"['alternative r&b', 'escape room', 'trap queen']",2020-05-06,5,single,53,Drop 6.jpg
2o8vYIclwlDV2617KQINzQ,"Flowers (Live at Metropolis Studios, London, 2019)",Little Simz,"['alternative r&b', 'escape room', 'trap queen']",2019-09-16,1,single,10,"Flowers (Live at Metropolis Studios, London, 2019).jpg"
7a3IxiF3JVmQgA4bfXFsDQ,Venom,Little Simz,"['alternative r&b', 'escape room', 'trap queen']",2019-09-13,1,single,14,Venom.jpg
52lWZNXWoJMWFNPmXdAWz9,Pink Youth,Little Simz,"['alternative r&b', 'escape room', 'trap queen']",2019-06-28,1,single,31,Pink Youth.jpg
4K32S2LWzZuwV6lpGm6WWL,101 FM (feat. Spragga Benz) [Toddla T Remix],Little Simz,"['alternative r&b', 'escape room', 'trap queen']",2019-06-07,1,single,31,101 FM (feat. Spragga Benz) [Toddla T Remix].jpg
2v4jaeMvuns8jYaro7vAWY,Favourites (feat. Little Simz),Little Simz,"['alternative r&b', 'escape room', 'trap queen']",2019-05-14,1,single,14,Favourites (feat. Little Simz).jpg
3cCpJc6LhvskN7i9w3WkaA,falling or flying,Jorjah Smith,"['r&b', 'uk contemporary r&b']",2023-09-29,16,album,70,falling or flying.jpg
3AlSuZnX4ZCab8eoWnnfbm,Lost & Found,Jorjah Smith,"['r&b', 'uk contemporary r&b']",2018-06-08,12,album,70,Lost & Found.jpg
3xQ8XKfiCYGewk8b3oBFNe,Finally (From the Original Motion Picture “The Color Purple”),Jorjah Smith,"['r&b', 'uk contemporary r&b']",2023-12-15,1,single,38,Finally (From the Original Motion Picture “The Color Purple”).jpg
6Vf043Mc9cWgvL7BpB394x,Greatest Gift (feat. Lila Iké),Jorjah Smith,"['r&b', 'uk contemporary r&b']",2023-09-28,1,single,22,Greatest Gift (feat. Lila Iké).jpg
1v2OMTJgh3YxI8lNrt1V2M,Feelings (feat. J Hus),Jorjah Smith,"['r&b', 'uk contemporary r&b']",2023-09-28,1,single,46,Feelings (feat. J Hus).jpg
4170VVyEuynNaB1J8ShIgP,Broken is the man,Jorjah Smith,"['r&b', 'uk contemporary r&b']",2023-09-28,1,single,34,Broken is the man.jpg
4DQceiYfpF7ByhwsBQaWYH,Falling or flying,Jorjah Smith,"['r&b', 'uk contemporary r&b']",2023-08-30,4,single,44,Falling or flying.jpg
0AD4xVslP0qraEZQKQ5O3S,GO GO GO,Jorjah Smith,"['r&b', 'uk contemporary r&b']",2023-08-03,3,single,41,GO GO GO.jpg
30XEPQSKfHpwgbDd55HFZa,Nice Body (feat. Jorja Smith),Jorjah Smith,"['r&b', 'uk contemporary r&b']",2023-07-13,1,single,32,Nice Body (feat. Jorja Smith).jpg
052c03LAr2euUtLKgvOKae,Little Things x Gypsy Woman (L BEATS MASHUP),Jorjah Smith,"['r&b', 'uk contemporary r&b']",2023-06-30,2,single,72,Little Things x Gypsy Woman (L BEATS MASHUP).jpg
6hvKJVCACQSgYJL3KMOAFb,Little Things (Nia Archives Remix),Jorjah Smith,"['r&b', 'uk contemporary r&b']",2023-06-16,1,single,42,Little Things (Nia Archives Remix).jpg
4YBGGd7KYurLSbc6XKDnSO,Little Things,Jorjah Smith,"['r&b', 'uk contemporary r&b']",2023-05-11,2,single,57,Little Things.jpg
1zEHQu3XSlROYTbFdmISHx,Try Me,Jorjah Smith,"['r&b', 'uk contemporary r&b']",2023-04-13,1,single,44,Try Me.jpg
7DodMymoQ0sFG6baosag8D,Rose Rouge,Jorjah Smith,"['r&b', 'uk contemporary r&b']",2022-10-27,1,single,43,Rose Rouge.jpg
3zrP0lDAbH8sF4219tbsX4,Slow Down (James Cole Remix),Jorjah Smith,"['r&b', 'uk contemporary r&b']",2022-06-17,1,single,43,Slow Down (James Cole Remix).jpg
2cRzNpsH0gcCudocWvP7Of,Killing Me (Acoustic),Jorjah Smith,"['r&b', 'uk contemporary r&b']",2022-04-29,1,single,32,Killing Me (Acoustic).jpg
59Kj9AdI3LK6HEGivdj1CM,Lavender & Red Roses (Champion Remix),Jorjah Smith,"['r&b', 'uk contemporary r&b']",2022-04-14,1,single,18,Lavender & Red Roses (Champion Remix).jpg
3CPvKvcS9YkhrXCIm2Si9S,Lavender & Red Roses,Jorjah Smith,"['r&b', 'uk contemporary r&b']",2022-03-30,1,single,24,Lavender & Red Roses.jpg
4kMV75bbEkiTRDne9xbqa8,"All of This Remixes, Vol. 2",Jorjah Smith,"['r&b', 'uk contemporary r&b']",2021-12-03,5,single,43,"All of This Remixes, Vol. 2.jpg"
2C7i3ULo1L5InPW5uKGyF5,"All of This Remixes, Vol. 1",Jorjah Smith,"['r&b', 'uk contemporary r&b']",2021-11-19,4,single,28,"All of This Remixes, Vol. 1.jpg"
4miUxGfTsngMRsrVKwB2D4,NOCHE,Sofiane Pamart,[],2023-10-20,15,album,61,NOCHE.jpg
0qJDTG6xgGUzzFRZIH4hjw,DIAMOND TEARS,Sofiane Pamart,[],2023-06-23,16,album,58,DIAMOND TEARS.jpg
2lGH3ryY5dbDxbPzrhO21F,LETTER,Sofiane Pamart,[],2022-02-11,18,album,58,LETTER.jpg
12vLPVbl00ywecK54HNC1u,Loving Life,Sofiane Pamart,[],2021-12-17,10,album,52,Loving Life.jpg
5hLdVwceLwr2AiwyorDeCB,PLANET GOLD,Sofiane Pamart,[],2021-01-08,20,album,61,PLANET GOLD.jpg
3jo1XNxlYqBAX0a3IUvY38,PLANET,Sofiane Pamart,[],2019-11-22,12,album,50,PLANET.jpg
7czGltiOKNLrc87vUuc6g2,Pleine Lune 2,Sofiane Pamart,[],2019-10-25,10,album,44,Pleine Lune 2.jpg
2jJ0Ny2RfUqUxnooZXKGBx,Pleine Lune,Sofiane Pamart,[],2018-10-12,12,album,56,Pleine Lune.jpg
5rWdjRUS5w3CyStHfPQW1m,DREAMERS,Sofiane Pamart,[],2024-02-16,4,single,61,DREAMERS.jpg
0sp22JJLnrGFIPILQtBxzG,10h du mat',Sofiane Pamart,[],2024-01-25,1,single,50,10h du mat'.jpg
4tJVAb99fGJ7NmwnJBhB1H,Mélancolie criminelle - A COLORS SHOW,Sofiane Pamart,[],2024-01-11,1,single,52,Mélancolie criminelle - A COLORS SHOW.jpg
1t2d6NT2u5l3NyHDwfSpBt,Outro,Sofiane Pamart,[],2023-12-08,1,single,24,Outro.jpg
0BzbTv7cZUr1ABAjSr3Y8c,Borealis (Thylacine Remix),Sofiane Pamart,[],2023-11-23,1,single,39,Borealis (Thylacine Remix).jpg
1pD0juD4fXUUIDsgGt9xrI,Gimme Love (Sofiane Pamart Remix),Sofiane Pamart,[],2023-11-17,4,single,51,Gimme Love (Sofiane Pamart Remix).jpg
1UYuSsKe6sAdVZVihDTc2e,Ferdi,Sofiane Pamart,[],2023-10-19,1,single,35,Ferdi.jpg
13yfYvw7h3ncHzH1sBpxNM,Noche,Sofiane Pamart,[],2023-09-22,1,single,32,Noche.jpg
5mc22ijaguY9pYuln4eBdk,Devil May Cry,Sofiane Pamart,[],2023-09-08,1,single,37,Devil May Cry.jpg
4xAhU3ptEdjWwkbHGisT1R,22h22,Sofiane Pamart,[],2023-06-22,1,single,48,22h22.jpg
3F9xHFW3A2Mk1YGCFnEvU4,Magie,Sofiane Pamart,[],2023-05-26,1,single,26,Magie.jpg
42N53irsNNtuwTBTUNkTPw,03.03.22 (feat. Sofiane Pamart),Sofiane Pamart,[],2023-05-11,1,single,17,03.03.22 (feat. Sofiane Pamart).jpg
3TDNimUU4nzPRD8BEwiZ0i,Les étoiles vagabondes : expansion,Nekfeu,"['french hip hop', 'pop urbaine', 'rap conscient']",2019-06-21,34,album,75,Les étoiles vagabondes : expansion.jpg
0hM3g0iPnbEKKkGo9swdWe,Cyborg,Nekfeu,"['french hip hop', 'pop urbaine', 'rap conscient']",2016-12-02,14,album,68,Cyborg.jpg
54fhnMUFTB9Y59JmgoCrM3,Feu (Ré-édition),Nekfeu,"['french hip hop', 'pop urbaine', 'rap conscient']",2015-11-27,34,album,59,Feu (Ré-édition).jpg
7BgeK3jtk8GDlEwouUY3AG,Feu,Nekfeu,"['french hip hop', 'pop urbaine', 'rap conscient']",2015-06-08,18,album,71,Feu.jpg
2N1dAkpf62GfsOpkLL5cId,La Cour des Miracles,Nekfeu,"['french hip hop', 'pop urbaine', 'rap conscient']",2024-02-01,1,single,57,La Cour des Miracles.jpg
3ZQ6WgCFgsjGJwInoIEZfw,QUOTIDIEN,Nekfeu,"['french hip hop', 'pop urbaine', 'rap conscient']",2022-10-20,1,single,20,QUOTIDIEN.jpg
7iv7UVxJv7YBuT8hjuGaMb,3.14 VILLE,Nekfeu,"['french hip hop', 'pop urbaine', 'rap conscient']",2022-10-20,1,single,24,3.14 VILLE.jpg
5fQnWXgNFjUp8ZpfNQlQPv,South London (feat. Nekfeu),Nekfeu,"['french hip hop', 'pop urbaine', 'rap conscient']",2022-08-25,1,single,27,South London (feat. Nekfeu).jpg
0fl105pkUnMOxAliSIbEHx,Nek O,Nekfeu,"['french hip hop', 'pop urbaine', 'rap conscient']",2022-06-23,1,single,35,Nek O.jpg
5WYmu2MEd1pf8EVqKJeKef,Paradis Artificiel,Nekfeu,"['french hip hop', 'pop urbaine', 'rap conscient']",2022-05-05,1,single,39,Paradis Artificiel.jpg
5AavGPbUnFL8rrgAUHOrec,Élément 115,Nekfeu,"['french hip hop', 'pop urbaine', 'rap conscient']",2022-01-20,1,single,34,Élément 115.jpg
3LCq4cd92f49Q5XYUY74MV,san andreas,Nekfeu,"['french hip hop', 'pop urbaine', 'rap conscient']",2020-12-17,1,single,34,san andreas.jpg
7bHnj5z766sU2Mz7R3wwII,malevil,Nekfeu,"['french hip hop', 'pop urbaine', 'rap conscient']",2020-12-17,1,single,44,malevil.jpg
6HwlvKlUbvie9r9WBpSuFd,aaa,Nekfeu,"['french hip hop', 'pop urbaine', 'rap conscient']",2020-12-17,1,single,26,aaa.jpg
0CtfvqR8Ru9lw7SvxDlUsb,3095 pt2,Nekfeu,"['french hip hop', 'pop urbaine', 'rap conscient']",2020-12-17,1,single,22,3095 pt2.jpg
1WrqPwtXGQOw2xobNmohik,Moins un,Nekfeu,"['french hip hop', 'pop urbaine', 'rap conscient']",2020-11-25,1,single,31,Moins un.jpg
2nElNm5Hps0PvgTB8lxplV,Turn Up,Nekfeu,"['french hip hop', 'pop urbaine', 'rap conscient']",2020-11-19,1,single,21,Turn Up.jpg
61U5tdEXnH53XgoCDMwy1Y,Elle pleut,Nekfeu,"['french hip hop', 'pop urbaine', 'rap conscient']",2019-06-07,1,single,37,Elle pleut.jpg
3TErNzhxxRFOkfk2ayZq8t,Reuf (Version Five),Nekfeu,"['french hip hop', 'pop urbaine', 'rap conscient']",2016-03-18,1,single,46,Reuf (Version Five).jpg
7rA4sEu1Xy1uH2spvBj5Mc,Au coeur du G,Nekfeu,"['french hip hop', 'pop urbaine', 'rap conscient']",2015-12-15,1,single,47,Au coeur du G.jpg
6R8nBTTPwlP7iur0wV3oLq,Mauvais Ordre,Lomepal,"['french hip hop', 'rap conscient']",2022-09-15,15,album,69,Mauvais Ordre.jpg
5dZVLJVUZduRmYFINFgE7Y,Amina,Lomepal,"['french hip hop', 'rap conscient']",2019-10-25,29,album,62,Amina.jpg
1ucY5miLfHw6AP9FyqXfXH,3 jours à Motorbass,Lomepal,"['french hip hop', 'rap conscient']",2019-10-19,15,album,48,3 jours à Motorbass.jpg
0n4P6BsuT61HgsKExU0i1R,Jeannine,Lomepal,"['french hip hop', 'rap conscient']",2018-12-07,17,album,70,Jeannine.jpg
7C809pDAlv4nolQo5DnkXI,FLIP (Deluxe),Lomepal,"['french hip hop', 'rap conscient']",2017-12-01,27,album,54,FLIP (Deluxe).jpg
3aInpnIJ1N8jVH2i1xv8dC,FLIP,Lomepal,"['french hip hop', 'rap conscient']",2017-06-30,16,album,60,FLIP.jpg
5nLkpxfVokP0naEbMeJtGe,Majesté,Lomepal,"['french hip hop', 'rap conscient']",2015-05-18,10,album,48,Majesté.jpg
4o7O7nIvdd0GhhC9Hhzvmq,Seigneur,Lomepal,"['french hip hop', 'rap conscient']",2014-09-15,9,album,38,Seigneur.jpg
1yLhzVRohcsNXgjdAYxsOk,Cette foutue perle,Lomepal,"['french hip hop', 'rap conscient']",2013-09-09,8,album,33,Cette foutue perle.jpg
3KdGahko5L4XOCXCzwo4aa,Le Singe Fume Sa Cigarette,Lomepal,"['french hip hop', 'rap conscient']",2013-03-11,10,album,42,Le Singe Fume Sa Cigarette.jpg
7fdWz0oEvVqQCILFIQeQM9,Auburn,Lomepal,"['french hip hop', 'rap conscient']",2022-06-30,1,single,13,Auburn.jpg
591BaZu0FD9Ugjs555YVcl,Tee,Lomepal,"['french hip hop', 'rap conscient']",2022-06-03,1,single,20,Tee.jpg
5QII7e0F7JqyFlGlH1pICN,1000°C,Lomepal,"['french hip hop', 'rap conscient']",2018-09-17,1,single,31,1000°C.jpg
6BLOaVCLjkwvcLnzK7t6yO,Tout lâcher (Colors Session),Lomepal,"['french hip hop', 'rap conscient']",2018-05-11,1,single,40,Tout lâcher (Colors Session).jpg
7pq5XZ3H5YsN19jIrVHboO,Club,Lomepal,"['french hip hop', 'rap conscient']",2017-11-24,1,single,17,Club.jpg
3T6RREfKxqQ5pMiYebLtw4,Palpal,Lomepal,"['french hip hop', 'rap conscient']",2017-06-28,1,single,10,Palpal.jpg
3EFR1viXMZ9Rm6CTUBAsEB,Yeux disent,Lomepal,"['french hip hop', 'rap conscient']",2017-06-14,1,single,23,Yeux disent.jpg
4TpyFRCZj0JalT89AaGqU8,Ray Liotta,Lomepal,"['french hip hop', 'rap conscient']",2017-05-19,1,single,10,Ray Liotta.jpg
5IFKj6W5eAjo1HHUHtPxiY,Pommade,Lomepal,"['french hip hop', 'rap conscient']",2017-04-28,1,single,9,Pommade.jpg
0P9rWXvys2fAA3fg8R36If,Les yeux fermés,Lomepal,"['french hip hop', 'rap conscient']",2016-11-08,1,single,13,Les yeux fermés.jpg
600ClrWRsAr7jZ0qjaBLHz,3.15.20,Childish Gambino,"['atl hip hop', 'hip hop', 'rap']",2020-03-22,12,album,62,3.15.20.jpg
7caGY3YPOchIO8xLvTKWN4,"""Awaken, My Love!""",Childish Gambino,"['atl hip hop', 'hip hop', 'rap']",2016-12-02,11,album,83,"""Awaken, My Love!"".jpg"
3EyDuWSBOZGl5CAlBkSrOE,Kauai,Childish Gambino,"['atl hip hop', 'hip hop', 'rap']",2014-10-03,7,album,69,Kauai.jpg
62yjWIhnATHxPqGbgC9Lqr,Because the Internet,Childish Gambino,"['atl hip hop', 'hip hop', 'rap']",2013-12-10,19,album,80,Because the Internet.jpg
3omEe282u7acB6hwl9u0xb,Heartbeat (Remix Bundle),Childish Gambino,"['atl hip hop', 'hip hop', 'rap']",2012-02-14,8,album,33,Heartbeat (Remix Bundle).jpg
2nkHPk6e7TgemWh07yFHxh,Camp,Childish Gambino,"['atl hip hop', 'hip hop', 'rap']",2011-11-15,13,album,85,Camp.jpg
6y08a862sRi9ILcYGkLljn,Camp (Deluxe Edition),Childish Gambino,"['atl hip hop', 'hip hop', 'rap']",2011,17,album,34,Camp (Deluxe Edition).jpg
7AXxq1n3X7JZbbEnGCfLAX,Swarm,Childish Gambino,"['atl hip hop', 'hip hop', 'rap']",2023-03-17,6,single,45,Swarm.jpg
0c4uWzsyeeV2EZ9PtKHfXF,I Love You More Than You Know (feat. Childish Gambino),Childish Gambino,"['atl hip hop', 'hip hop', 'rap']",2022-08-04,1,single,35,I Love You More Than You Know (feat. Childish Gambino).jpg
5w21QoxyOOxullkebghzu0,Stay High (Childish Gambino Version),Childish Gambino,"['atl hip hop', 'hip hop', 'rap']",2021-07-20,1,single,15,Stay High (Childish Gambino Version).jpg
15k99o4mZJ9mfpQGIOrZ45,Summer Pack,Childish Gambino,"['atl hip hop', 'hip hop', 'rap']",2018-07-11,2,single,66,Summer Pack.jpg
7arx9qPJexCsDz67El4qvk,This Is America,Childish Gambino,"['atl hip hop', 'hip hop', 'rap']",2018-05-06,1,single,64,This Is America.jpg
6L4gtDcKB0RBRpx2DhHrsQ,EP (2011 Re-Release),Childish Gambino,"['atl hip hop', 'hip hop', 'rap']",2018-01-31,5,single,58,EP (2011 Re-Release).jpg
6zuncMC9ZZlBXmfPBnuSUy,Together (feat. Childish Gambino),Childish Gambino,"['atl hip hop', 'hip hop', 'rap']",2014-11-20,1,single,19,Together (feat. Childish Gambino).jpg
6Em2UfGtBOs9dyvlo1W5gI,What Kind of Love,Childish Gambino,"['atl hip hop', 'hip hop', 'rap']",2014-03-03,1,single,53,What Kind of Love.jpg
0lIj4Llbmgdg720vmXMGZX,3005 (Friction Remix),Childish Gambino,"['atl hip hop', 'hip hop', 'rap']",2014-01-01,1,single,30,3005 (Friction Remix).jpg
1kaElJZLRaPc00s8NJRrAJ,Bonfire,Childish Gambino,"['atl hip hop', 'hip hop', 'rap']",2011-01-01,1,single,34,Bonfire.jpg
73TNMu44lT0m1h1Nn6Bfiq,Sail Out,Childish Gambino,"['atl hip hop', 'hip hop', 'rap']",2013-01-01,7,album,80,Sail Out.jpg
59GRmAvlGs7KjLizFnV7Y9,It Is What It Is,Childish Gambino,"['atl hip hop', 'hip hop', 'rap']",2020-04-03,15,album,74,It Is What It Is.jpg
552zi1M53PQAX5OH4FIdTx,The Lion King: The Gift,Childish Gambino,"['atl hip hop', 'hip hop', 'rap']",2019-07-19,27,album,70,The Lion King: The Gift.jpg
6EwTLRHMROD853Kv1lAMex,Multitude,Stromae,"['belgian pop', 'g-house']",2022-07-27,13,album,63,Multitude.jpg
6uyslsVGFsHKzdGUosFwBM,racine carrée,Stromae,"['belgian pop', 'g-house']",2013-01-01,13,album,78,racine carrée.jpg
4kEbcH3VT6NYfpv8Wkkk80,Cheese,Stromae,"['belgian pop', 'g-house']",2010-01-01,12,album,74,Cheese.jpg
1SCNpF3WeEMGvZSdV1nCGa,Mon amour (with Camila Cabello),Stromae,"['belgian pop', 'g-house']",2022-07-27,1,single,46,Mon amour (with Camila Cabello).jpg
7bSSz8KnOpZaJor6Cs3GkM,L’enfer,Stromae,"['belgian pop', 'g-house']",2022-01-09,1,single,57,L’enfer.jpg
5ZbmaYVO7Pg5TAGRQXleI5,Santé,Stromae,"['belgian pop', 'g-house']",2021-10-15,1,single,54,Santé.jpg
1hOCJ4eNjtYKIH9ZmNGc8p,Alors On Danse (DubDogz Remix),Stromae,"['belgian pop', 'g-house']",2019-05-03,1,single,66,Alors On Danse (DubDogz Remix).jpg
4YVkiXnSYessmpTSeS0CpJ,Défiler (Bande originale de la capsule No. 5 Mosaert),Stromae,"['belgian pop', 'g-house']",2018-04-27,1,single,42,Défiler (Bande originale de la capsule No. 5 Mosaert).jpg
3FyjLDjrFcbvGGZRpoGrKX,Repetto X Mosaert,Stromae,"['belgian pop', 'g-house']",2017-03-31,1,single,42,Repetto X Mosaert.jpg
1w5mCn4BpFbjrfVmir36cQ,Papaoutai,Stromae,"['belgian pop', 'g-house']",2013-01-01,1,single,36,Papaoutai.jpg
5pbb4nUzfV18djJn3VSJdN,Formidable,Stromae,"['belgian pop', 'g-house']",2013-01-01,1,single,42,Formidable.jpg
2kGero3vKADTfV6LAS68CZ,Peace Or Violence Remixes,Stromae,"['belgian pop', 'g-house']",2011-01-01,6,single,24,Peace Or Violence Remixes.jpg
46PLe2T0oO39QEti6JSnJi,Alors On Danse,Stromae,"['belgian pop', 'g-house']",2010-01-01,5,single,52,Alors On Danse.jpg
1EGyA3Nchk8owMd6Vgix9Y,Alors On Danse,Stromae,"['belgian pop', 'g-house']",2010-01-01,2,single,48,Alors On Danse.jpg
1etid6z92FAX3GnSVDrMwr,Enfants De L'an 2000,Stromae,"['belgian pop', 'g-house']",2009-03-09,1,single,34,Enfants De L'an 2000.jpg
0evmDbGEkmNsZHW2Yr95vF,Up Saw Liz - Remix,Stromae,"['belgian pop', 'g-house']",2009-01-01,1,single,14,Up Saw Liz - Remix.jpg
3K8j2e8zTIoxIbvM70IOOA,Up Saw Liz,Stromae,"['belgian pop', 'g-house']",2009-01-01,1,single,36,Up Saw Liz.jpg
04mHlwou1RaPDo8SigFfKf,La fête est finie,Stromae,"['belgian pop', 'g-house']",2017-10-20,14,album,68,La fête est finie.jpg
5nyLaTsztHW8mI1KAWeGkS,La fête est finie - EPILOGUE,Stromae,"['belgian pop', 'g-house']",2018-11-16,25,album,62,La fête est finie - EPILOGUE.jpg
37bu5iGP8qyG50MbFUKbGi,EDM Hits,Stromae,"['belgian pop', 'g-house']",2020-04-03,27,compilation,58,EDM Hits.jpg
2UX8gTRS2opip9me1w5Iv1,Hier encore - Voyage,charles aznavour,['chanson'],2023-09-29,40,album,28,Hier encore - Voyage.jpg
7afN4IYmHG6t8uUxBbnEx1,Hier encore - Paris,charles aznavour,['chanson'],2023-09-29,40,album,31,Hier encore - Paris.jpg
2MT4KXrUB7bDZk3j4RXHjH,Hier encore - L'amour,charles aznavour,['chanson'],2023-09-29,40,album,41,Hier encore - L'amour.jpg
520CQXe2FG8cvfVnrTjeNj,Charles Aznavour: Il Y Avait,charles aznavour,['chanson'],2023-08-18,21,album,20,Charles Aznavour: Il Y Avait.jpg
4NUQKOTGA1d2oOVU4EztH6,Terre Nouvelle,charles aznavour,['chanson'],2023-06-23,20,album,25,Terre Nouvelle.jpg
38biprJ0aQrY5BeSO9lvnr,Charles Aznavour,charles aznavour,['chanson'],2023-05-19,20,album,27,Charles Aznavour.jpg
4HiBr7eSxGeXqBo94e5VmQ,Plus Bleu Que Tes Yeux,charles aznavour,['chanson'],2023-04-23,14,album,12,Plus Bleu Que Tes Yeux.jpg
3hKRWnngzm92pfBYYePXP1,Yerushalaim,charles aznavour,['chanson'],2023-03-10,12,album,1,Yerushalaim.jpg
10fvgSYG7heh3oFisUEC8b,Partir,charles aznavour,['chanson'],2023-03-10,9,album,0,Partir.jpg
2xLWfleuLClg6AyFjjYtm3,Le Temps,charles aznavour,['chanson'],2023-03-10,12,album,1,Le Temps.jpg
7tbb1Vi9dIhxSiPmBsQgoG,La Route,charles aznavour,['chanson'],2023-03-10,10,album,0,La Route.jpg
698fm57ugAcAZRXNBogu7A,Isabelle,charles aznavour,['chanson'],2023-03-10,12,album,1,Isabelle.jpg
3a0cckDQMI2xSeh0gUu6HY,Les chansons d'or,charles aznavour,['chanson'],2020-10-30,12,album,19,Les chansons d'or.jpg
3Nq8RecQlxWA7TVPjZsGuv,L'album de sa vie 100 titres,charles aznavour,['chanson'],2019-02-01,100,album,47,L'album de sa vie 100 titres.jpg
50nEql2DaW2VfHQTL2cUQd,Ses plus belles chansons,charles aznavour,['chanson'],2018-05-18,10,album,28,Ses plus belles chansons.jpg
5RF4x8dzo7rx9N1zTZ9nPQ,Olympia Février 1976 (Live),charles aznavour,['chanson'],2017-02-24,31,album,26,Olympia Février 1976 (Live).jpg
2u9NhYYS4SmNAq7cFiQlwo,Aznavour Live - Palais des Sports 2015,charles aznavour,['chanson'],2015-12-11,20,album,24,Aznavour Live - Palais des Sports 2015.jpg
3CqaAIk58eR2aij32N0wkn,Rarities,charles aznavour,['chanson'],2015-10-30,26,album,36,Rarities.jpg
3dmGa82gPL6prlXRGlmOuo,Chanson française,charles aznavour,['chanson'],2015-06-15,22,album,15,Chanson française.jpg
6sASiStxl7F7nAjV2VCk8o,Encores,charles aznavour,['chanson'],2015-05-04,12,album,24,Encores.jpg
2bMhHQcgWwu9H1LfHUorsN,Olympia Novembre 1966 (Live),Jacques Brel,"['belgian singer-songwriter', 'chanson']",2016-03-25,16,album,26,Olympia Novembre 1966 (Live).jpg
2rUCBUojo3bWwFYyR9GvDx,Olympia 1964 (Live),Jacques Brel,"['belgian singer-songwriter', 'chanson']",2016-03-25,15,album,33,Olympia 1964 (Live).jpg
1fOm56FOgvAxWcf1BjLJ5O,Ne me quitte pas (Ré-enregistrement 1972),Jacques Brel,"['belgian singer-songwriter', 'chanson']",2013-01-01,14,album,28,Ne me quitte pas (Ré-enregistrement 1972).jpg
7xI3bderOY3c6MIGwHjh3K,Jacques Brel 67,Jacques Brel,"['belgian singer-songwriter', 'chanson']",2013-01-01,13,album,34,Jacques Brel 67.jpg
3R3K0YDT2fOWQf5hC2wHfv,Ces gens-là,Jacques Brel,"['belgian singer-songwriter', 'chanson']",2010-01-01,11,album,37,Ces gens-là.jpg
0cUxQDPJ0AvqgiVyWsj6Ye,Quand On N'A Que L'Amour (Vol.2),Jacques Brel,"['belgian singer-songwriter', 'chanson']",2004-01-01,11,album,25,Quand On N'A Que L'Amour (Vol.2).jpg
5AGVSwTDsqQYmc9qZp9V6I,Marieke (Vol.5),Jacques Brel,"['belgian singer-songwriter', 'chanson']",2004-01-01,14,album,38,Marieke (Vol.5).jpg
2tSmVjzBDwUbnJULQ7WswQ,Les Bourgeois (Vol.7),Jacques Brel,"['belgian singer-songwriter', 'chanson']",2004-01-01,14,album,35,Les Bourgeois (Vol.7).jpg
6EMQEV42edsUlKPjeWsHfW,Les Bonbons (Vol.8),Jacques Brel,"['belgian singer-songwriter', 'chanson']",2004-01-01,14,album,33,Les Bonbons (Vol.8).jpg
0PVjDkptaHbw2wrpsWupoV,La Valse A Mille Temps (Vol.4),Jacques Brel,"['belgian singer-songwriter', 'chanson']",2004-01-01,10,album,53,La Valse A Mille Temps (Vol.4).jpg
5VZlWQgmn4MOSFRZzKx1i0,Infiniment,Jacques Brel,"['belgian singer-songwriter', 'chanson']",2003-01-01,40,album,43,Infiniment.jpg
1Bd9ea3lW2WiJg1nUi2zye,Au Printemps (Vol.3),Jacques Brel,"['belgian singer-songwriter', 'chanson']",2003,13,album,26,Au Printemps (Vol.3).jpg
4Ze7ZREDMuFNfnidbNFS8y,Raconte Pierre Et Le Loup,Jacques Brel,"['belgian singer-songwriter', 'chanson']",2002-01-01,2,album,16,Raconte Pierre Et Le Loup.jpg
0xHzkWFNzpE0eqjCwT4ogA,Jacques Brel Portrait,Jacques Brel,"['belgian singer-songwriter', 'chanson']",2000-01-01,16,album,19,Jacques Brel Portrait.jpg
5bgzec51dCydQxVSo6Zx9f,Quand On N'A Que L'Amour,Jacques Brel,"['belgian singer-songwriter', 'chanson']",1996-01-01,49,album,40,Quand On N'A Que L'Amour.jpg
6kDiKlbiJADzM3GV0XWm6c,Jacques Brel et ses chansons,Jacques Brel,"['belgian singer-songwriter', 'chanson']",1994-01-01,15,album,30,Jacques Brel et ses chansons.jpg
2sG9lJ5CzUXQWhRcNklvas,Raconte Aux Enfants,Jacques Brel,"['belgian singer-songwriter', 'chanson']",1990-01-01,12,album,10,Raconte Aux Enfants.jpg
6Us9T05UuNDMP2NtVrSVyG,15 Ans D'Amour,Jacques Brel,"['belgian singer-songwriter', 'chanson']",1988-01-01,20,album,61,15 Ans D'Amour.jpg
46zsTv41exulBtfCpRd1xw,Ne Me Quitte Pas,Jacques Brel,"['belgian singer-songwriter', 'chanson']",1984-01-01,11,album,32,Ne Me Quitte Pas.jpg
4gBHjFSOc9M6CJJDFh7mw3,Radioscopie: Jacques Chancel reçoit Jacques Brel,Jacques Brel,"['belgian singer-songwriter', 'chanson']",1973,2,album,5,Radioscopie: Jacques Chancel reçoit Jacques Brel.jpg
6FJxoadUE4JNVwWHghBwnb,RENAISSANCE,Beyoncé,"['pop', 'r&b']",2022-07-29,16,album,87,RENAISSANCE.jpg
7kUuNU2LRmr9XbwLHXU9UZ,The Lion King: The Gift [Deluxe Edition],Beyoncé,"['pop', 'r&b']",2020-07-31,17,album,61,The Lion King: The Gift [Deluxe Edition].jpg
552zi1M53PQAX5OH4FIdTx,The Lion King: The Gift,Beyoncé,"['pop', 'r&b']",2019-07-19,27,album,70,The Lion King: The Gift.jpg
35S1JCj5paIfElT2GODl6x,HOMECOMING: THE LIVE ALBUM,Beyoncé,"['pop', 'r&b']",2019-04-17,40,album,73,HOMECOMING: THE LIVE ALBUM.jpg
7dK54iZuOxXFarGhXwEXfF,Lemonade,Beyoncé,"['pop', 'r&b']",2016-04-23,13,album,79,Lemonade.jpg
2UJwKSBUz6rtW4QLK74kQu,BEYONCÉ [Platinum Edition],Beyoncé,"['pop', 'r&b']",2014-11-24,20,album,81,BEYONCÉ [Platinum Edition].jpg
1gIC63gC3B7o7FfpPACZQJ,4,Beyoncé,"['pop', 'r&b']",2011-06-24,14,album,79,4.jpg
5O7PYNgE3VLWrvB80fIaDZ,I Am...World Tour,Beyoncé,"['pop', 'r&b']",2010-11-26,25,album,56,I Am...World Tour.jpg
1mLK9n3KBlgsRgPX3nlSwf,I AM...SASHA FIERCE,Beyoncé,"['pop', 'r&b']",2008-11-14,18,album,48,I AM...SASHA FIERCE.jpg
5bTDIADUmStkXXsb5RtoCD,I AM...SASHA FIERCE - Platinum Edition,Beyoncé,"['pop', 'r&b']",2008,22,album,36,I AM...SASHA FIERCE - Platinum Edition.jpg
46BXsx30qaCaAyyGtWyx7e,The Beyonce Experience Live Audio,Beyoncé,"['pop', 'r&b']",2007-11-19,21,album,49,The Beyonce Experience Live Audio.jpg
0Zd10MKN5j9KwUST0TdBBB,B'Day Deluxe Edition,Beyoncé,"['pop', 'r&b']",2007-05-29,23,album,75,B'Day Deluxe Edition.jpg
1L6sJLS18bJTadBupSYFAp,B'Day,Beyoncé,"['pop', 'r&b']",2006-09-01,15,album,63,B'Day.jpg
06v9eHnqhMK2tbM2Iz3p0Y,Dangerously In Love,Beyoncé,"['pop', 'r&b']",2003-03-10,16,album,78,Dangerously In Love.jpg
2NXwHjhgaAdkDy6GPSxMAd,TEXAS HOLD 'EM,Beyoncé,"['pop', 'r&b']",2024-02-10,3,single,70,TEXAS HOLD 'EM.jpg
6PeoltoiWQWCyWA0JBHVGN,16 CARRIAGES,Beyoncé,"['pop', 'r&b']",2024-02-09,1,single,75,16 CARRIAGES.jpg
1H1ivGeE2LjPjE71OITTZs,MY HOUSE,Beyoncé,"['pop', 'r&b']",2023-12-01,1,single,70,MY HOUSE.jpg
0219TxSZyWhfo1DgafkjX2,DELRESTO (ECHOES),Beyoncé,"['pop', 'r&b']",2023-07-26,1,single,45,DELRESTO (ECHOES).jpg
2x4aShbWkdZ1h8sfO23yZN,AMERICA HAS A PROBLEM (feat. Kendrick Lamar),Beyoncé,"['pop', 'r&b']",2023-05-19,1,single,66,AMERICA HAS A PROBLEM (feat. Kendrick Lamar).jpg
7BJjZgzGzpll0t8CEzjILs,CUFF IT,Beyoncé,"['pop', 'r&b']",2023-02-08,3,single,59,CUFF IT.jpg
79ONNoS4M9tfIA1mYLBYVX,Mr. Morale & The Big Steppers,Kendrick Lamar,"['conscious hip hop', 'hip hop', 'rap', 'west coast rap']",2022-05-13,19,album,86,Mr. Morale & The Big Steppers.jpg
3pLdWdkj83EYfDN6H2N8MR,Black Panther The Album Music From And Inspired By,Kendrick Lamar,"['conscious hip hop', 'hip hop', 'rap', 'west coast rap']",2018-02-09,14,album,83,Black Panther The Album Music From And Inspired By.jpg
4alcGHjstaALJHHiljfy3H,DAMN. COLLECTORS EDITION.,Kendrick Lamar,"['conscious hip hop', 'hip hop', 'rap', 'west coast rap']",2017-12-08,14,album,58,DAMN. COLLECTORS EDITION..jpg
4eLPsYPBmXABThSJ821sqY,DAMN.,Kendrick Lamar,"['conscious hip hop', 'hip hop', 'rap', 'west coast rap']",2017-04-14,14,album,91,DAMN..jpg
0kL3TYRsSXnu0iJvFO3rud,untitled unmastered.,Kendrick Lamar,"['conscious hip hop', 'hip hop', 'rap', 'west coast rap']",2016-03-04,8,album,68,untitled unmastered..jpg
7ycBtnsMtyVbbwTfJwRjSP,To Pimp A Butterfly,Kendrick Lamar,"['conscious hip hop', 'hip hop', 'rap', 'west coast rap']",2015-03-16,16,album,83,To Pimp A Butterfly.jpg
748dZDqSZy6aPXKcI9H80u,"good kid, m.A.A.d city (Deluxe)",Kendrick Lamar,"['conscious hip hop', 'hip hop', 'rap', 'west coast rap']",2012-10-22,17,album,76,"good kid, m.A.A.d city (Deluxe).jpg"
0Oq3mWfexhsjUh0aNNBB5u,"good kid, m.A.A.d city",Kendrick Lamar,"['conscious hip hop', 'hip hop', 'rap', 'west coast rap']",2012,14,album,79,"good kid, m.A.A.d city.jpg"
1bkN9nIkkCnXeG4yitVS1J,Section.80,Kendrick Lamar,"['conscious hip hop', 'hip hop', 'rap', 'west coast rap']",2011-07-02,15,album,76,Section.80.jpg
7MoLQ8vckhwBbQqEYQTYQC,Overly Dedicated,Kendrick Lamar,"['conscious hip hop', 'hip hop', 'rap', 'west coast rap']",2010-09-14,12,album,62,Overly Dedicated.jpg
6ltyScGRzS0Z2TI1VD5dns,The Hillbillies,Kendrick Lamar,"['conscious hip hop', 'hip hop', 'rap', 'west coast rap']",2023-06-05,1,single,64,The Hillbillies.jpg
5XClh485CRBIIKaNXWWt7Z,The Heart Part 5,Kendrick Lamar,"['conscious hip hop', 'hip hop', 'rap', 'west coast rap']",2022-05-08,1,single,53,The Heart Part 5.jpg
3HqmX8hGcbbQZODgayNEYx,family ties (with Kendrick Lamar),Kendrick Lamar,"['conscious hip hop', 'hip hop', 'rap', 'west coast rap']",2021-08-27,1,single,67,family ties (with Kendrick Lamar).jpg
0itierEc1U3I8yIi4TtnuT,The Mantra,Kendrick Lamar,"['conscious hip hop', 'hip hop', 'rap', 'west coast rap']",2018-11-14,1,single,32,The Mantra.jpg
1NXM5lF9YB7a3f1e4R48oH,"King's Dead (with Kendrick Lamar, Future & James Blake)",Kendrick Lamar,"['conscious hip hop', 'hip hop', 'rap', 'west coast rap']",2018-01-12,1,single,66,"King's Dead (with Kendrick Lamar, Future & James Blake).jpg"
3mau89iBea8nCPw3I8kKAk,All The Stars (with SZA),Kendrick Lamar,"['conscious hip hop', 'hip hop', 'rap', 'west coast rap']",2018-01-04,1,single,55,All The Stars (with SZA).jpg
1X4aaOIXvs6gWtQZQpln4V,HUMBLE. (SKRILLEX REMIX),Kendrick Lamar,"['conscious hip hop', 'hip hop', 'rap', 'west coast rap']",2017-09-29,1,single,64,HUMBLE. (SKRILLEX REMIX).jpg
67pL2VfWX7t1XsvK1TGa4G,The Heart Part 4,Kendrick Lamar,"['conscious hip hop', 'hip hop', 'rap', 'west coast rap']",2017-03-24,1,single,41,The Heart Part 4.jpg
1EmfbMC739Pfi2Q3U4a0Y7,untitled 07 | levitate,Kendrick Lamar,"['conscious hip hop', 'hip hop', 'rap', 'west coast rap']",2016-03-23,1,single,48,untitled 07 | levitate.jpg
1NraTMiymF8p2ZuiO7TV2A,These Walls,Kendrick Lamar,"['conscious hip hop', 'hip hop', 'rap', 'west coast rap']",2015-10-16,1,single,47,These Walls.jpg
4Q7cRXio6mF2ImVUCcezPO,For All The Dogs Scary Hours Edition,Drake,"['canadian hip hop', 'canadian pop', 'hip hop', 'pop rap', 'rap']",2023-11-17,29,album,84,For All The Dogs Scary Hours Edition.jpg
4czdORdCWP9umpbhFXK2fW,For All The Dogs,Drake,"['canadian hip hop', 'canadian pop', 'hip hop', 'pop rap', 'rap']",2023-10-06,23,album,95,For All The Dogs.jpg
5MS3MvWHJ3lOZPLiMxzOU6,Her Loss,Drake,"['canadian hip hop', 'canadian pop', 'hip hop', 'pop rap', 'rap']",2022-11-04,16,album,89,Her Loss.jpg
3cf4iSSKd8ffTncbtKljXw,"Honestly, Nevermind",Drake,"['canadian hip hop', 'canadian pop', 'hip hop', 'pop rap', 'rap']",2022-06-17,14,album,85,"Honestly, Nevermind.jpg"
3SpBlxme9WbeQdI9kx7KAV,Certified Lover Boy,Drake,"['canadian hip hop', 'canadian pop', 'hip hop', 'pop rap', 'rap']",2021-09-03,21,album,90,Certified Lover Boy.jpg
6OQ9gBfg5EXeNAEwGSs6jK,Dark Lane Demo Tapes,Drake,"['canadian hip hop', 'canadian pop', 'hip hop', 'pop rap', 'rap']",2020-05-01,14,album,85,Dark Lane Demo Tapes.jpg
7dqpveMVcWgbzqYrOdkFTD,Care Package,Drake,"['canadian hip hop', 'canadian pop', 'hip hop', 'pop rap', 'rap']",2019-08-02,17,album,81,Care Package.jpg
1ATL5GLyefJaxhQzSPVrLX,Scorpion,Drake,"['canadian hip hop', 'canadian pop', 'hip hop', 'pop rap', 'rap']",2018-06-29,25,album,89,Scorpion.jpg
1lXY618HWkwYKJWBRYR4MK,More Life,Drake,"['canadian hip hop', 'canadian pop', 'hip hop', 'pop rap', 'rap']",2017-03-18,22,album,89,More Life.jpg
40GMAhriYJRO1rsY4YdrZb,Views,Drake,"['canadian hip hop', 'canadian pop', 'hip hop', 'pop rap', 'rap']",2016-05-06,20,album,90,Views.jpg
1ozpmkWcCHwsQ4QTnxOOdT,What A Time To Be Alive,Drake,"['canadian hip hop', 'canadian pop', 'hip hop', 'pop rap', 'rap']",2015-09-20,11,album,75,What A Time To Be Alive.jpg
0ptlfJfwGTy0Yvrk14JK1I,If You're Reading This It's Too Late,Drake,"['canadian hip hop', 'canadian pop', 'hip hop', 'pop rap', 'rap']",2015-02-12,17,album,81,If You're Reading This It's Too Late.jpg
2ZUFSbIkmFkGag000RWOpA,Nothing Was The Same (Deluxe),Drake,"['canadian hip hop', 'canadian pop', 'hip hop', 'pop rap', 'rap']",2013-01-01,16,album,78,Nothing Was The Same (Deluxe).jpg
1XslIirSxfAhhxRdn4Li9t,Nothing Was The Same,Drake,"['canadian hip hop', 'canadian pop', 'hip hop', 'pop rap', 'rap']",2013-01-01,13,album,77,Nothing Was The Same.jpg
6X1x82kppWZmDzlXXK3y3q,Take Care (Deluxe),Drake,"['canadian hip hop', 'canadian pop', 'hip hop', 'pop rap', 'rap']",2011-11-15,19,album,89,Take Care (Deluxe).jpg
6agmeioaDOBupymziJihgB,Thank Me Later (Int'l Version),Drake,"['canadian hip hop', 'canadian pop', 'hip hop', 'pop rap', 'rap']",2010-01-01,15,album,69,Thank Me Later (Int'l Version).jpg
1LShhEEKRT5MNPcO7jtYHh,So Far Gone,Drake,"['canadian hip hop', 'canadian pop', 'hip hop', 'pop rap', 'rap']",2009,18,album,80,So Far Gone.jpg
3CHCm9n05a3tG4cQJ4rJwq,For All The Dogs Scary Hours Edition (Instrumental),Drake,"['canadian hip hop', 'canadian pop', 'hip hop', 'pop rap', 'rap']",2023-11-16,6,single,42,For All The Dogs Scary Hours Edition (Instrumental).jpg
4DjJtllSDzVDBf7PYtsHaT,Slime You Out,Drake,"['canadian hip hop', 'canadian pop', 'hip hop', 'pop rap', 'rap']",2023-09-15,1,single,71,Slime You Out.jpg
61XhXTtorAgw4lRnh8GN0c,MELTDOWN (feat. Drake),Drake,"['canadian hip hop', 'canadian pop', 'hip hop', 'pop rap', 'rap']",2023-07-27,1,single,45,MELTDOWN (feat. Drake).jpg
21jF5jlMtzo94wbxmJ18aa,30,Adele,"['british soul', 'pop', 'pop soul', 'uk pop']",2021-11-19,12,album,85,30.jpg
6TVfiWmo8KtflUAmkK9gGF,25,Adele,"['british soul', 'pop', 'pop soul', 'uk pop']",2015-11-20,11,album,86,25.jpg
5duyQokC4FMcWPYTV9Gpf9,21,Adele,"['british soul', 'pop', 'pop soul', 'uk pop']",2011-01-24,11,album,87,21.jpg
3uftDqGs13LsE1s8nn5XSe,19,Adele,"['british soul', 'pop', 'pop soul', 'uk pop']",2008-11-17,22,album,68,19.jpg
224jZ4sUX7OhAuMwaxp86S,Easy On Me,Adele,"['british soul', 'pop', 'pop soul', 'uk pop']",2021-10-14,1,single,77,Easy On Me.jpg
6ZilQfkkSA2zY4jeEVygjW,Water Under the Bridge,Adele,"['british soul', 'pop', 'pop soul', 'uk pop']",2016-11-04,1,single,35,Water Under the Bridge.jpg
1qAXQcW5Q4yeTQ3Qw4gdRs,Send My Love (To Your New Lover),Adele,"['british soul', 'pop', 'pop soul', 'uk pop']",2016-05-16,1,single,37,Send My Love (To Your New Lover).jpg
4O4NYLz2t6xEZKVQlLIYLg,When We Were Young,Adele,"['british soul', 'pop', 'pop soul', 'uk pop']",2016-02-05,1,single,39,When We Were Young.jpg
1AQeCbBbT0sjUesGYkTqLs,Hello,Adele,"['british soul', 'pop', 'pop soul', 'uk pop']",2015-10-23,1,single,38,Hello.jpg
6TwN6Lq9glwnG8kNp6chHY,Skyfall,Adele,"['british soul', 'pop', 'pop soul', 'uk pop']",2012-10-04,1,single,82,Skyfall.jpg
2679upQ2m3BenvQawzlmjD,Set Fire to the Rain (Remixes),Adele,"['british soul', 'pop', 'pop soul', 'uk pop']",2011-07-04,4,single,38,Set Fire to the Rain (Remixes).jpg
5g0rUrIUZCeZ0CRviWXQf6,Set Fire to the Rain,Adele,"['british soul', 'pop', 'pop soul', 'uk pop']",2011-07-04,1,single,49,Set Fire to the Rain.jpg
4A8PgwpQMSd2Gzpo70WOLz,Rolling in the Deep (Jamie xx Shuffle),Adele,"['british soul', 'pop', 'pop soul', 'uk pop']",2011-04-11,1,single,28,Rolling in the Deep (Jamie xx Shuffle).jpg
7g5kXEodiBIq4U8kz6Gqfr,Someone Like You,Adele,"['british soul', 'pop', 'pop soul', 'uk pop']",2011-01-24,1,single,38,Someone Like You.jpg
0LU1RqBgjNGWQkDiQ3CLAU,Rolling in the Deep,Adele,"['british soul', 'pop', 'pop soul', 'uk pop']",2011-01-16,2,single,44,Rolling in the Deep.jpg
6pejlLU1yVBDZaXFlp5u7u,Make You Feel My Love,Adele,"['british soul', 'pop', 'pop soul', 'uk pop']",2008-10-27,1,single,34,Make You Feel My Love.jpg
1BooHlsI6JWUssl89UaqfF,Hometown Glory,Adele,"['british soul', 'pop', 'pop soul', 'uk pop']",2008-07-20,3,single,55,Hometown Glory.jpg
4YMrTIN63eXAKvA3ITiKyb,Cold Shoulder,Adele,"['british soul', 'pop', 'pop soul', 'uk pop']",2008-04-20,4,single,30,Cold Shoulder.jpg
5RlOR9azLrWaP5Djou8Zyw,Chasing Pavements,Adele,"['british soul', 'pop', 'pop soul', 'uk pop']",2008-01-20,1,single,37,Chasing Pavements.jpg
3D9vUf511saEHLua6NcOLw,PAY CLOSE ATTENTION: XL Recordings,Adele,"['british soul', 'pop', 'pop soul', 'uk pop']",2014-08-25,35,compilation,58,PAY CLOSE ATTENTION: XL Recordings.jpg
5bLE2kmkZWlzAYeb6To6LA,Autumn Variations (Fan Living Room Sessions),Ed Sheeran,"['pop', 'singer-songwriter pop', 'uk pop']",2023-10-02,28,album,67,Autumn Variations (Fan Living Room Sessions).jpg
5LXOgcszGvUkYzYL4v6wYg,Autumn Variations,Ed Sheeran,"['pop', 'singer-songwriter pop', 'uk pop']",2023-09-29,14,album,71,Autumn Variations.jpg
2WFFcvzM0CgLaSq4MSkyZk,- (Deluxe),Ed Sheeran,"['pop', 'singer-songwriter pop', 'uk pop']",2023-05-05,18,album,81,- (Deluxe).jpg
2CIOGAByaHyjQ1EO55JSzC,= (Tour Edition),Ed Sheeran,"['pop', 'singer-songwriter pop', 'uk pop']",2022-05-27,23,album,62,= (Tour Edition).jpg
32iAEBstCjauDhyKpGjTuq,=,Ed Sheeran,"['pop', 'singer-songwriter pop', 'uk pop']",2021-10-29,14,album,86,=.jpg
0a28QsFN8zbrWSvbSQ40PI,2step (The Remixes),Ed Sheeran,"['pop', 'singer-songwriter pop', 'uk pop']",2021-10-29,14,album,53,2step (The Remixes).jpg
3oIFxDIo2fwuk4lwCmFZCx,No.6 Collaborations Project,Ed Sheeran,"['pop', 'singer-songwriter pop', 'uk pop']",2019-07-12,15,album,79,No.6 Collaborations Project.jpg
3T4tUhGYeRNVUGevb0wThu,÷ (Deluxe),Ed Sheeran,"['pop', 'singer-songwriter pop', 'uk pop']",2017-03-03,16,album,92,÷ (Deluxe).jpg
0MeOIA0wwSa6nW79jy8QcZ,x (Wembley Edition),Ed Sheeran,"['pop', 'singer-songwriter pop', 'uk pop']",2015-11-13,23,album,63,x (Wembley Edition).jpg
2hyDesSAYNefikDJXlqhPE,5,Ed Sheeran,"['pop', 'singer-songwriter pop', 'uk pop']",2014-06-23,32,album,56,5.jpg
1xn54DMo2qIqBuMqHtUsFd,x (Deluxe Edition),Ed Sheeran,"['pop', 'singer-songwriter pop', 'uk pop']",2014-06-21,16,album,86,x (Deluxe Edition).jpg
3QbPtoOWiJqZurXXxJwaOD,Loose Change,Ed Sheeran,"['pop', 'singer-songwriter pop', 'uk pop']",2011-12-09,8,album,48,Loose Change.jpg
4JUtnlZKdLr01xEIymhm0G,Live at the Bedford,Ed Sheeran,"['pop', 'singer-songwriter pop', 'uk pop']",2011-12-09,6,album,37,Live at the Bedford.jpg
6DpIyaMgt5p9HlGd1c0LDM,No.5 Collaborations Project,Ed Sheeran,"['pop', 'singer-songwriter pop', 'uk pop']",2011-09-09,8,album,43,No.5 Collaborations Project.jpg
02pi98kE0nra0yBqCStzbC,+,Ed Sheeran,"['pop', 'singer-songwriter pop', 'uk pop']",2011-09-09,16,album,78,+.jpg
2yFLu758P5VjG5ZyyHGSrp,A Beautiful Game,Ed Sheeran,"['pop', 'singer-songwriter pop', 'uk pop']",2023-05-04,1,single,45,A Beautiful Game.jpg
6fyUUW7ISpjbxCxaBHl1UN,Life Goes On (feat. Luke Combs),Ed Sheeran,"['pop', 'singer-songwriter pop', 'uk pop']",2023-05-03,2,single,67,Life Goes On (feat. Luke Combs).jpg
6dhAJ4oigNFSv4paZnZHmW,Eyes Closed (Piano Version),Ed Sheeran,"['pop', 'singer-songwriter pop', 'uk pop']",2023-03-23,2,single,55,Eyes Closed (Piano Version).jpg
3jRseYXGmX8RQ6ZTQ6tvsy,Eyes Closed (Lost Frequencies Remix),Ed Sheeran,"['pop', 'singer-songwriter pop', 'uk pop']",2023-03-23,2,single,51,Eyes Closed (Lost Frequencies Remix).jpg
5SNPs8Oz8Nmhv0MA6YnJpE,F64,Ed Sheeran,"['pop', 'singer-songwriter pop', 'uk pop']",2023-01-19,1,single,54,F64.jpg
3tjIKRAPBy5Qu4z8F5HmBz,Top Gun: Maverick (Music From The Motion Picture),Lady Gaga,"['art pop', 'dance pop', 'pop']",2022-05-27,12,album,71,Top Gun: Maverick (Music From The Motion Picture).jpg
6hBQkPnq5u1BwZncSEDEgs,Love For Sale (Deluxe),Lady Gaga,"['art pop', 'dance pop', 'pop']",2021-10-01,12,album,55,Love For Sale (Deluxe).jpg
3OevODyllQCrhudfLLnV3y,Dawn Of Chromatica,Lady Gaga,"['art pop', 'dance pop', 'pop']",2021-09-03,14,album,57,Dawn Of Chromatica.jpg
6Yf9kML4wT3opmXhTUIfk7,BORN THIS WAY THE TENTH ANNIVERSARY,Lady Gaga,"['art pop', 'dance pop', 'pop']",2021-06-25,20,album,55,BORN THIS WAY THE TENTH ANNIVERSARY.jpg
05c49JgPmL4Uz2ZeqRx5SP,Chromatica,Lady Gaga,"['art pop', 'dance pop', 'pop']",2020-05-29,16,album,76,Chromatica.jpg
3edjzMAVB9RYRd4UcZBchx,A Star Is Born Soundtrack (Without Dialogue),Lady Gaga,"['art pop', 'dance pop', 'pop']",2018-10-05,19,album,80,A Star Is Born Soundtrack (Without Dialogue).jpg
4sLtOBOzn4s3GDUv3c5oJD,A Star Is Born Soundtrack,Lady Gaga,"['art pop', 'dance pop', 'pop']",2018-10-05,34,album,83,A Star Is Born Soundtrack.jpg
2ZUwFxlWo0gwTsvZ6L4Meh,Joanne (Deluxe),Lady Gaga,"['art pop', 'dance pop', 'pop']",2016-10-21,14,album,75,Joanne (Deluxe).jpg
2VX9rp6NAC19TQN4IgkmYu,Cheek To Cheek (Deluxe),Lady Gaga,"['art pop', 'dance pop', 'pop']",2014-09-23,15,album,58,Cheek To Cheek (Deluxe).jpg
2eRJUtI7nXrQ5uYQ7tzTo9,ARTPOP,Lady Gaga,"['art pop', 'dance pop', 'pop']",2013-11-11,14,album,76,ARTPOP.jpg
6LY3AerY6KNGOPsNPL63Kk,Born This Way (International Special Edition Version),Lady Gaga,"['art pop', 'dance pop', 'pop']",2011-05-23,23,album,82,Born This Way (International Special Edition Version).jpg
7j7iPq5rokadGr1ZdJRGgE,The Fame Monster (International Deluxe),Lady Gaga,"['art pop', 'dance pop', 'pop']",2009-11-18,24,album,62,The Fame Monster (International Deluxe).jpg
6rePArBMb5nLWEaY9aQqL4,The Fame Monster (Deluxe Edition),Lady Gaga,"['art pop', 'dance pop', 'pop']",2009-11-05,23,album,84,The Fame Monster (Deluxe Edition).jpg
1jpUMnKpRlng1OJN7LJauV,The Fame,Lady Gaga,"['art pop', 'dance pop', 'pop']",2008-01-01,15,album,81,The Fame.jpg
15uOlprrFPRIqr58DlJ9BC,"Sweet Sounds Of Heaven (feat. Lady Gaga) [Live at Racket, NYC]",Lady Gaga,"['art pop', 'dance pop', 'pop']",2023-12-08,3,single,43,"Sweet Sounds Of Heaven (feat. Lady Gaga) [Live at Racket, NYC].jpg"
5CmWzNmpFXmcH8lN7xuZfy,The Edge of Glory [(Arr. for Wind Ensemble by Matteo di Prospero) Live],Lady Gaga,"['art pop', 'dance pop', 'pop']",2023-09-28,3,single,16,The Edge of Glory [(Arr. for Wind Ensemble by Matteo di Prospero) Live].jpg
6E4RZkGvHiOp41XvdpiWaK,Sweet Sounds Of Heaven,Lady Gaga,"['art pop', 'dance pop', 'pop']",2023-09-28,2,single,52,Sweet Sounds Of Heaven.jpg
4o7oZoaZrwElXdNXfBXsqe,"Hold My Hand (Music From The Motion Picture ""Top Gun: Maverick"")",Lady Gaga,"['art pop', 'dance pop', 'pop']",2022-05-03,1,single,67,"Hold My Hand (Music From The Motion Picture ""Top Gun: Maverick"").jpg"
1hdxjlrPl1jYXEuezfUayL,911 (WEISS Remix),Lady Gaga,"['art pop', 'dance pop', 'pop']",2020-12-04,1,single,16,911 (WEISS Remix).jpg
25eMUZJOY6nhsIZl9D5WUb,911 (Sofi Tukker Remix),Lady Gaga,"['art pop', 'dance pop', 'pop']",2020-12-04,2,single,37,911 (Sofi Tukker Remix).jpg
4VZ7jhV0wHpoNPCB7Vmiml,An Evening With Silk Sonic,Bruno Mars,"['dance pop', 'pop']",2021-11-12,10,album,76,An Evening With Silk Sonic.jpg
4PgleR09JVnm3zY1fW3XBA,24K Magic,Bruno Mars,"['dance pop', 'pop']",2016-11-17,9,album,88,24K Magic.jpg
58ufpQsJ1DS5kq4hhzQDiI,Unorthodox Jukebox,Bruno Mars,"['dance pop', 'pop']",2012-12-07,10,album,91,Unorthodox Jukebox.jpg
6J84szYCnMfzEcvIcfWMFL,Doo-Wops & Hooligans,Bruno Mars,"['dance pop', 'pop']",2010-10-05,12,album,88,Doo-Wops & Hooligans.jpg
6QKXGIgwWmWBMmIktMOchR,Love's Train,Bruno Mars,"['dance pop', 'pop']",2022-02-14,1,single,58,Love's Train.jpg
4rRB9bAIwawVcrdLXuq9Qu,Leave The Door Open (Live),Bruno Mars,"['dance pop', 'pop']",2021-04-02,2,single,55,Leave The Door Open (Live).jpg
4uoEruXjt0APvHaSqrwqPH,BLOW (with Chris Stapleton & Bruno Mars),Bruno Mars,"['dance pop', 'pop']",2019-07-05,1,single,59,BLOW (with Chris Stapleton & Bruno Mars).jpg
5a4sJJ3qjn6hqRsvm0Veso,Please Me,Bruno Mars,"['dance pop', 'pop']",2019-02-15,1,single,72,Please Me.jpg
7mkyc2BUahNfo0orKzqNGB,Wake Up in the Sky,Bruno Mars,"['dance pop', 'pop']",2018-09-14,1,single,72,Wake Up in the Sky.jpg
5AVEtKtguEa8sqYhSj3zFW,Finesse (Remix) [feat. Cardi B],Bruno Mars,"['dance pop', 'pop']",2018-03-23,3,single,47,Finesse (Remix) [feat. Cardi B].jpg
0yDiMZdbFwO5lGB9Dq5wlL,Versace On The Floor (Bruno Mars vs. David Guetta),Bruno Mars,"['dance pop', 'pop']",2017-06-27,1,single,50,Versace On The Floor (Bruno Mars vs. David Guetta).jpg
1onK6XeDccA2NW6SlzQMNK,24K Magic (R3hab Remix),Bruno Mars,"['dance pop', 'pop']",2017-05-26,1,single,53,24K Magic (R3hab Remix).jpg
1z4Zl2hcCiRyB4uIPeqEfr,That's What I Like (feat. Gucci Mane) [Remix],Bruno Mars,"['dance pop', 'pop']",2017-04-21,1,single,45,That's What I Like (feat. Gucci Mane) [Remix].jpg
6LD3J50OxLEQbAB8ahoj1S,That's What I Like (Alan Walker Remix),Bruno Mars,"['dance pop', 'pop']",2017-04-20,1,single,55,That's What I Like (Alan Walker Remix).jpg
2xclonI4faQWl6lhqecGM5,That's What I Like (PARTYNEXTDOOR Remix),Bruno Mars,"['dance pop', 'pop']",2017-04-18,1,single,44,That's What I Like (PARTYNEXTDOOR Remix).jpg
0219JhsyibMkftKsI94Mv1,That's What I Like (BLVK JVCK Remix),Bruno Mars,"['dance pop', 'pop']",2017-04-18,1,single,37,That's What I Like (BLVK JVCK Remix).jpg
3X801hUAmbUAHmatvmMhfA,Versace on the Floor,Bruno Mars,"['dance pop', 'pop']",2016-11-04,1,single,50,Versace on the Floor.jpg
5EA4kogB3cZr2qykFlZDYV,24K Magic,Bruno Mars,"['dance pop', 'pop']",2016-10-07,1,single,55,24K Magic.jpg
07OCQAUAQaZmKORKt2StFm,Gorilla (feat. R. Kelly And Pharrell) [G-Mix],Bruno Mars,"['dance pop', 'pop']",2013-11-12,1,single,36,Gorilla (feat. R. Kelly And Pharrell) [G-Mix].jpg
7yBnuW3SpMKy3EB9iU0C7p,Treasure Remix EP,Bruno Mars,"['dance pop', 'pop']",2013-08-13,5,single,49,Treasure Remix EP.jpg
2VSBGJ8bUuNgmOYXHIQagM,Yours Truly (Tenth Anniversary Edition),Ariana Grande,['pop'],2023-08-25,19,album,69,Yours Truly (Tenth Anniversary Edition).jpg
74vajFwEwXJ61OW1DKSPEa,Positions (Deluxe),Ariana Grande,['pop'],2021-02-19,19,album,73,Positions (Deluxe).jpg
3euz4vS7ezKGnNSwgyvKcd,Positions,Ariana Grande,['pop'],2020-10-30,14,album,85,Positions.jpg
5UACk85y1hNRSUtY0ss8pb,k bye for now (swt live),Ariana Grande,['pop'],2019-12-23,32,album,65,k bye for now (swt live).jpg
2fYhqwDWXjbpjaIJPEfKFw,"thank u, next",Ariana Grande,['pop'],2019-02-08,12,album,89,"thank u, next.jpg"
3tx8gQqWbGwqIGZHqDNrGe,Sweetener,Ariana Grande,['pop'],2018-08-17,15,album,83,Sweetener.jpg
5X7x18kW3mVIvnuNeedM6b,Dangerous Woman,Ariana Grande,['pop'],2016-05-20,17,album,76,Dangerous Woman.jpg
6czdbbMtGbAkZ6ud2OMTcg,Yours Truly,Ariana Grande,['pop'],2013-01-01,12,album,76,Yours Truly.jpg
7cE0lgNHmBxutHd5g4D3q8,"yes, and?",Ariana Grande,['pop'],2024-02-16,1,single,71,"yes, and?.jpg"
6mNdtZhr5zcz2SLzyPxweY,"yes, and?",Ariana Grande,['pop'],2024-01-18,8,single,68,"yes, and?.jpg"
7vvPJ2BSUaS8C4dhl3aiYP,"yes, and? (remixes)",Ariana Grande,['pop'],2024-01-12,3,single,26,"yes, and? (remixes).jpg"
0kHBlnc69hLOSyXAZn2yeX,"yes, and? (remixes)",Ariana Grande,['pop'],2024-01-12,3,single,34,"yes, and? (remixes).jpg"
61dUL51qxsxQJMdai6HiUH,"yes, and? (The Blessed Madonna’s Godsquad Mix)",Ariana Grande,['pop'],2024-01-12,1,single,0,"yes, and? (The Blessed Madonna’s Godsquad Mix).jpg"
0RhZMUvozZXn2at1sfSogT,"yes, and? (Jonas Blue Remix)",Ariana Grande,['pop'],2024-01-12,1,single,0,"yes, and? (Jonas Blue Remix).jpg"
1w57IHe5xULHB4DchPXoFD,"yes, and? (Felix Jaehn Remix)",Ariana Grande,['pop'],2024-01-12,1,single,0,"yes, and? (Felix Jaehn Remix).jpg"
1K9Kpjfdj7Y3MHxuq3M6TK,"yes, and? (Felix Jaehn Remix)",Ariana Grande,['pop'],2024-01-12,1,single,0,"yes, and? (Felix Jaehn Remix).jpg"
6Exo0MYoL3XammoTDeihFy,Die For You (Remix),Ariana Grande,['pop'],2023-02-24,1,single,75,Die For You (Remix).jpg
4xKjjV0sVc9PiJ1sPU9RiN,"Santa, Can’t You Hear Me (Live)",Ariana Grande,['pop'],2022-12-14,2,single,45,"Santa, Can’t You Hear Me (Live).jpg"
7LsTjhsTKJA0Rfwwx1ppXs,It Was A… (Masked Christmas),Ariana Grande,['pop'],2021-12-07,1,single,43,It Was A… (Masked Christmas).jpg
1geA7d12ed5LXsBns7ONB4,Just Look Up (From Don’t Look Up),Ariana Grande,['pop'],2021-12-03,1,single,53,Just Look Up (From Don’t Look Up).jpg
06RK0wX4GqHcxBtHlVoGH5,Black Panther: Wakanda Forever - Music From and Inspired By,Rihanna,"['barbadian pop', 'pop', 'urban contemporary']",2022-11-11,20,album,74,Black Panther: Wakanda Forever - Music From and Inspired By.jpg
4UlGauD7ROb3YbVOFMgW5u,ANTI (Deluxe),Rihanna,"['barbadian pop', 'pop', 'urban contemporary']",2016-01-28,16,album,90,ANTI (Deluxe).jpg
48i37aZTC1prDr4EcpQeEa,ANTI,Rihanna,"['barbadian pop', 'pop', 'urban contemporary']",2016-01-28,13,album,59,ANTI.jpg
5pLlGJrxuQO3jMoQe1XxZY,Unapologetic (Deluxe),Rihanna,"['barbadian pop', 'pop', 'urban contemporary']",2012-12-11,17,album,82,Unapologetic (Deluxe).jpg
4XBfFj0WYyh5mBtU61EdyY,Unapologetic,Rihanna,"['barbadian pop', 'pop', 'urban contemporary']",2012-12-11,14,album,59,Unapologetic.jpg
3sW7wD2qdMjs7KncaOoIJ5,Talk That Talk (Deluxe),Rihanna,"['barbadian pop', 'pop', 'urban contemporary']",2012-07-18,14,album,65,Talk That Talk (Deluxe).jpg
1Kw1bVd07oRqcjrcjQKC8T,Talk That Talk,Rihanna,"['barbadian pop', 'pop', 'urban contemporary']",2011-11-19,11,album,80,Talk That Talk.jpg
7vN82vd1Vq44fjlhjfvHJp,Loud,Rihanna,"['barbadian pop', 'pop', 'urban contemporary']",2010-11-16,12,album,78,Loud.jpg
2wi0v7jPzYBCd99GggLtN8,Rated R: Remixed,Rihanna,"['barbadian pop', 'pop', 'urban contemporary']",2010-05-08,10,album,33,Rated R: Remixed.jpg
5QG3tjE5L9F6O2vCAPph38,Loud (Japan Version),Rihanna,"['barbadian pop', 'pop', 'urban contemporary']",2010-01-01,13,album,85,Loud (Japan Version).jpg
7uGmyYwDFJbSc1xs4hkEs2,Rated R,Rihanna,"['barbadian pop', 'pop', 'urban contemporary']",2009-11-20,13,album,77,Rated R.jpg
6nT2WJS6WHH86XRgkSK8yC,Good Girl Gone Bad: The Remixes,Rihanna,"['barbadian pop', 'pop', 'urban contemporary']",2009-01-01,12,album,48,Good Girl Gone Bad: The Remixes.jpg
3JSWZWeTHF4HDGt5Eozdy7,Good Girl Gone Bad: Reloaded,Rihanna,"['barbadian pop', 'pop', 'urban contemporary']",2008-06-02,15,album,88,Good Girl Gone Bad: Reloaded.jpg
5pvFhFt1nzE8sCbm1wjNRv,A Girl Like Me,Rihanna,"['barbadian pop', 'pop', 'urban contemporary']",2006-04-10,14,album,53,A Girl Like Me.jpg
4FyGpObwABjn0o8Tdp7AZz,Music Of The Sun,Rihanna,"['barbadian pop', 'pop', 'urban contemporary']",2005-08-29,13,album,78,Music Of The Sun.jpg
3Zzv75PyROH6AMeXN1Yr1h,Lift Me Up (From Black Panther: Wakanda Forever - Music From and Inspired By),Rihanna,"['barbadian pop', 'pop', 'urban contemporary']",2022-10-28,2,single,68,Lift Me Up (From Black Panther: Wakanda Forever - Music From and Inspired By).jpg
3tGSYeqxybK0Z3OJDaar8C,BELIEVE IT,Rihanna,"['barbadian pop', 'pop', 'urban contemporary']",2020-03-26,1,single,30,BELIEVE IT.jpg
2TKbBIv3QaM46sT9BtHKm1,Lemon (feat. Drake) [Drake Remix],Rihanna,"['barbadian pop', 'pop', 'urban contemporary']",2018-03-18,1,single,51,Lemon (feat. Drake) [Drake Remix].jpg
3GuMKdjrNX9xQK4nwkznp5,Consideration (Dance Remixes),Rihanna,"['barbadian pop', 'pop', 'urban contemporary']",2017-12-08,6,single,32,Consideration (Dance Remixes).jpg
2xGzVkqqc7CFi74fAoIbAa,Lemon (Edit),Rihanna,"['barbadian pop', 'pop', 'urban contemporary']",2017-12-06,1,single,51,Lemon (Edit).jpg
5EUgcfO5OWxnniHR3QYFcK,The Marshall Mathers LP2 (Expanded Edition),Eminem,"['detroit hip hop', 'hip hop', 'rap']",2023-11-03,27,album,66,The Marshall Mathers LP2 (Expanded Edition).jpg
3aTuW4BtsyyyyQa9LKqj8n,Curtain Call 2,Eminem,"['detroit hip hop', 'hip hop', 'rap']",2022-08-05,35,album,69,Curtain Call 2.jpg
6EzbFdrwvWpnpUjzrR57aU,The Eminem Show (Expanded Edition),Eminem,"['detroit hip hop', 'hip hop', 'rap']",2022-05-26,38,album,66,The Eminem Show (Expanded Edition).jpg
3MKvhQoFSrR2PrxXXBHe9B,Music To Be Murdered By - Side B (Deluxe Edition),Eminem,"['detroit hip hop', 'hip hop', 'rap']",2020-12-18,36,album,74,Music To Be Murdered By - Side B (Deluxe Edition).jpg
4otkd9As6YaxxEkIjXPiZ6,Music To Be Murdered By,Eminem,"['detroit hip hop', 'hip hop', 'rap']",2020-01-17,20,album,84,Music To Be Murdered By.jpg
3HNnxK7NgLXbDoxRZxNWiR,Kamikaze,Eminem,"['detroit hip hop', 'hip hop', 'rap']",2018-08-31,13,album,78,Kamikaze.jpg
0U6ldwLBEMkwgfQRY4V6D2,Revival,Eminem,"['detroit hip hop', 'hip hop', 'rap']",2017-12-15,19,album,73,Revival.jpg
6DN7GcZF1HywzrkGN6Eeqk,The Marshall Mathers LP2 (Deluxe),Eminem,"['detroit hip hop', 'hip hop', 'rap']",2013-11-05,21,album,77,The Marshall Mathers LP2 (Deluxe).jpg
1gUI4keDXbeSil6rwY9qUm,Recovery (Deluxe Edition),Eminem,"['detroit hip hop', 'hip hop', 'rap']",2010-06-21,19,album,59,Recovery (Deluxe Edition).jpg
47BiFcV59TQi2s9SkBo2pb,Recovery,Eminem,"['detroit hip hop', 'hip hop', 'rap']",2010-06-18,17,album,86,Recovery.jpg
7MZzYkbHL9Tk3O6WeD4Z0Z,Relapse: Refill,Eminem,"['detroit hip hop', 'hip hop', 'rap']",2009-05-15,29,album,78,Relapse: Refill.jpg
6HXlnhMr40FP2qBTnKXRbA,Relapse [Deluxe],Eminem,"['detroit hip hop', 'hip hop', 'rap']",2009-05-15,22,album,58,Relapse [Deluxe].jpg
7h2OEj0ifXb3UdgvTmCqfY,Relapse,Eminem,"['detroit hip hop', 'hip hop', 'rap']",2009-05-15,20,album,58,Relapse.jpg
1kTlYbs28MXw7hwO0NLYif,Encore (Deluxe Version),Eminem,"['detroit hip hop', 'hip hop', 'rap']",2004-11-12,23,album,86,Encore (Deluxe Version).jpg
2cWBwpqMsDJC1ZUwz813lo,The Eminem Show,Eminem,"['detroit hip hop', 'hip hop', 'rap']",2002-05-26,20,album,91,The Eminem Show.jpg
5H0rjI1TW8F2tORPYMJXHJ,The Marshall Mathers LP,Eminem,"['detroit hip hop', 'hip hop', 'rap']",2001-08-20,23,album,59,The Marshall Mathers LP.jpg
10nO3EJJDMm6j6d2uK3Jah,The Slim Shady LP (Expanded Edition),Eminem,"['detroit hip hop', 'hip hop', 'rap']",1999-02-23,30,album,66,The Slim Shady LP (Expanded Edition).jpg
0vE6mttRTBXRe9rKghyr1l,The Slim Shady LP,Eminem,"['detroit hip hop', 'hip hop', 'rap']",1999-02-23,20,album,77,The Slim Shady LP.jpg
5nOfPCLpHGpayGrUNHAPLt,Lace It (with Eminem & benny blanco),Eminem,"['detroit hip hop', 'hip hop', 'rap']",2023-12-16,1,single,75,Lace It (with Eminem & benny blanco).jpg
2qJd6dBsXw6hZrZp8L8n2P,Realest (with Eminem),Eminem,"['detroit hip hop', 'hip hop', 'rap']",2023-08-04,1,single,56,Realest (with Eminem).jpg
30zwjSQEodaUXCn11nmiVF,VULTURES 1,Kanye West,"['chicago rap', 'hip hop', 'rap']",2024-02-09,16,album,92,VULTURES 1.jpg
2Wiyo7LzdeBCsVZiRA6vVZ,Donda (Deluxe),Kanye West,"['chicago rap', 'hip hop', 'rap']",2021-11-14,32,album,72,Donda (Deluxe).jpg
5CnpZV3q5BcESefcB3WJmz,Donda,Kanye West,"['chicago rap', 'hip hop', 'rap']",2021-08-29,27,album,82,Donda.jpg
0FgZKfoU2Br5sHOfvZKTI9,JESUS IS KING,Kanye West,"['chicago rap', 'hip hop', 'rap']",2019-10-25,11,album,77,JESUS IS KING.jpg
6pwuKxMUkNg673KETsXPUV,KIDS SEE GHOSTS,Kanye West,"['chicago rap', 'hip hop', 'rap']",2018-06-08,7,album,73,KIDS SEE GHOSTS.jpg
2Ek1q2haOnxVqhvVKqMvJe,ye,Kanye West,"['chicago rap', 'hip hop', 'rap']",2018-06-01,7,album,84,ye.jpg
7gsWAHLeT0w7es6FofOXk1,The Life Of Pablo,Kanye West,"['chicago rap', 'hip hop', 'rap']",2016-06-10,20,album,89,The Life Of Pablo.jpg
7D2NdGvBHIavgLhmcwhluK,Yeezus,Kanye West,"['chicago rap', 'hip hop', 'rap']",2013-06-18,10,album,84,Yeezus.jpg
2if1gb3t6IkhiKzrtS9Glc,Watch The Throne (Deluxe),Kanye West,"['chicago rap', 'hip hop', 'rap']",2011-08-12,16,album,64,Watch The Throne (Deluxe).jpg
0OcMap99vLEeGkBCfCwRwS,Watch The Throne,Kanye West,"['chicago rap', 'hip hop', 'rap']",2011-08-08,12,album,84,Watch The Throne.jpg
20r762YmB5HeofjMCiPMLv,My Beautiful Dark Twisted Fantasy,Kanye West,"['chicago rap', 'hip hop', 'rap']",2010-11-22,13,album,90,My Beautiful Dark Twisted Fantasy.jpg
3WFTGIO6E3Xh4paEOBY9OU,808s & Heartbreak,Kanye West,"['chicago rap', 'hip hop', 'rap']",2008-11-24,12,album,85,808s & Heartbreak.jpg
4SZko61aMnmgvNhfhgTuD3,Graduation,Kanye West,"['chicago rap', 'hip hop', 'rap']",2007-09-11,14,album,93,Graduation.jpg
0veuYKXCayS7oIfyqlibeR,Late Orchestration,Kanye West,"['chicago rap', 'hip hop', 'rap']",2006-01-01,13,album,47,Late Orchestration.jpg
5ll74bqtkcXlKE7wwkMq4g,Late Registration,Kanye West,"['chicago rap', 'hip hop', 'rap']",2005-08-30,21,album,83,Late Registration.jpg
4Uv86qWpGTxf7fU7lG5X6F,The College Dropout,Kanye West,"['chicago rap', 'hip hop', 'rap']",2004-02-10,21,album,86,The College Dropout.jpg
4b368IgdhwRJwU9sKevEoS,Where They At (Sped Up),Kanye West,"['chicago rap', 'hip hop', 'rap']",2024-02-08,1,single,0,Where They At (Sped Up).jpg
0omKIJu2Z9Q6UeGmxJRSfY,Where They At (Slowed Down),Kanye West,"['chicago rap', 'hip hop', 'rap']",2024-02-08,1,single,0,Where They At (Slowed Down).jpg
7dSwPWlI27fexPtIs8ScjE,Where They At (Instrumental),Kanye West,"['chicago rap', 'hip hop', 'rap']",2024-02-08,1,single,0,Where They At (Instrumental).jpg
2EZ8XBH3qzn52VRWMh9aHO,Where They At (Acapella),Kanye West,"['chicago rap', 'hip hop', 'rap']",2024-02-08,1,single,0,Where They At (Acapella).jpg
06mXfvDsRZNfnsGZvX2zpb,Music Of The Spheres,Coldplay,"['permanent wave', 'pop']",2021-10-15,12,album,79,Music Of The Spheres.jpg
2FeyIYDDAQqcOJKOKhvHdr,Everyday Life,Coldplay,"['permanent wave', 'pop']",2019-11-22,16,album,72,Everyday Life.jpg
19CvkGjYpifkdwgVJSbog2,Live in Buenos Aires,Coldplay,"['permanent wave', 'pop']",2018-12-07,24,album,68,Live in Buenos Aires.jpg
3cfAM8b8KqJRoIzt3zLKqw,A Head Full of Dreams,Coldplay,"['permanent wave', 'pop']",2015-12-04,11,album,85,A Head Full of Dreams.jpg
1hNS0RsxPTFjmKXCgmjSLS,Ghost Stories Live 2014,Coldplay,"['permanent wave', 'pop']",2014-11-21,9,album,55,Ghost Stories Live 2014.jpg
2G4AUqfwxcV1UdQjm2ouYr,Ghost Stories,Coldplay,"['permanent wave', 'pop']",2014-05-19,9,album,84,Ghost Stories.jpg
2OkEsqGTfu8PWRrNHzfr0m,Live 2012,Coldplay,"['permanent wave', 'pop']",2012-11-19,15,album,60,Live 2012.jpg
2R7iJz5uaHjLEVnMkloO18,Mylo Xyloto,Coldplay,"['permanent wave', 'pop']",2011-10-24,14,album,82,Mylo Xyloto.jpg
3pboBm7GTa6V5dFXXCt52b,LeftRightLeftRightLeft (Live),Coldplay,"['permanent wave', 'pop']",2009-05-15,9,album,44,LeftRightLeftRightLeft (Live).jpg
71pRFAwHBLrjKYRG7V1Q2o,Viva La Vida (Prospekt's March Edition),Coldplay,"['permanent wave', 'pop']",2008-11-24,18,album,59,Viva La Vida (Prospekt's March Edition).jpg
1CEODgTmTwLyabvwd7HBty,Viva La Vida or Death and All His Friends,Coldplay,"['permanent wave', 'pop']",2008-05-26,10,album,83,Viva La Vida or Death and All His Friends.jpg
4E7bV0pzG0LciBSWTszra6,X&Y,Coldplay,"['permanent wave', 'pop']",2005-06-07,13,album,82,X&Y.jpg
3JMOZD2qixTTLRW9I6JuF4,Live 2003,Coldplay,"['permanent wave', 'pop']",2003-11-01,12,album,49,Live 2003.jpg
0RHX9XECH8IVI3LNgWDpmQ,A Rush of Blood to the Head,Coldplay,"['permanent wave', 'pop']",2002-08-08,11,album,87,A Rush of Blood to the Head.jpg
6ZG5lRT77aJ3btmArcykra,Parachutes,Coldplay,"['permanent wave', 'pop']",2000-07-10,10,album,90,Parachutes.jpg
574iaZA34RiT9rM1F2s2IM,Biutyful,Coldplay,"['permanent wave', 'pop']",2022-07-06,1,single,58,Biutyful.jpg
7lbSZjlBsWuXtR3WqsdOSN,Let Somebody Go (Ofenbach Remix),Coldplay,"['permanent wave', 'pop']",2022-04-15,1,single,35,Let Somebody Go (Ofenbach Remix).jpg
1mbwiDXEr8l6mK7o76dqyu,Let Somebody Go (Piano Version),Coldplay,"['permanent wave', 'pop']",2022-03-18,4,single,41,Let Somebody Go (Piano Version).jpg
7EZAIhKzfjXbAsL0hrQjGF,Let Somebody Go (Kygo Remix),Coldplay,"['permanent wave', 'pop']",2022-03-11,3,single,45,Let Somebody Go (Kygo Remix).jpg
0vS8EETjc2cnCu5j32uxxq,Let Somebody Go,Coldplay,"['permanent wave', 'pop']",2022-03-04,2,single,37,Let Somebody Go.jpg
4wp4aWWpoYfNcspimVAnel,But Here We Are,Foo Fighters,"['alternative metal', 'alternative rock', 'modern rock', 'permanent wave', 'post-grunge', 'rock']",2023-06-02,10,album,68,But Here We Are.jpg
50QMS2zosvUxhucf6zMRUy,Dee Gees / Hail Satin - Foo Fighters / Live,Foo Fighters,"['alternative metal', 'alternative rock', 'modern rock', 'permanent wave', 'post-grunge', 'rock']",2021-07-19,10,album,48,Dee Gees / Hail Satin - Foo Fighters / Live.jpg
1FyNZvJ6MHO01kl3ySMPdc,Medicine At Midnight,Foo Fighters,"['alternative metal', 'alternative rock', 'modern rock', 'permanent wave', 'post-grunge', 'rock']",2021-02-05,9,album,60,Medicine At Midnight.jpg
4Sb67WEPsYgQxd7GItaAtI,Medicine At Midnight (Track Commentary),Foo Fighters,"['alternative metal', 'alternative rock', 'modern rock', 'permanent wave', 'post-grunge', 'rock']",2021-02-03,9,album,33,Medicine At Midnight (Track Commentary).jpg
6KMkuqIwKkwUhUYRPL6dUc,Concrete and Gold,Foo Fighters,"['alternative metal', 'alternative rock', 'modern rock', 'permanent wave', 'post-grunge', 'rock']",2017-09-15,11,album,63,Concrete and Gold.jpg
2qwN15acAl3sm3Idce5vK9,Sonic Highways,Foo Fighters,"['alternative metal', 'alternative rock', 'modern rock', 'permanent wave', 'post-grunge', 'rock']",2014-11-09,8,album,56,Sonic Highways.jpg
5lnQLEUiVDkLbFJHXHQu9m,Wasting Light,Foo Fighters,"['alternative metal', 'alternative rock', 'modern rock', 'permanent wave', 'post-grunge', 'rock']",2011-04-12,11,album,70,Wasting Light.jpg
3ilXDEG0xiajK8AbqboeJz,"Echoes, Silence, Patience & Grace",Foo Fighters,"['alternative metal', 'alternative rock', 'modern rock', 'permanent wave', 'post-grunge', 'rock']",2007-09-25,12,album,76,"Echoes, Silence, Patience & Grace.jpg"
4IBQvwIbtDluogvDe2qpaB,Skin And Bones (Live),Foo Fighters,"['alternative metal', 'alternative rock', 'modern rock', 'permanent wave', 'post-grunge', 'rock']",2006-11-07,15,album,54,Skin And Bones (Live).jpg
2eprpJCYbCbPZRKVGIEJxZ,In Your Honor,Foo Fighters,"['alternative metal', 'alternative rock', 'modern rock', 'permanent wave', 'post-grunge', 'rock']",2005-06-14,20,album,73,In Your Honor.jpg
1zQ6F8gMagKcPL4SoA80cx,One By One (Expanded Edition),Foo Fighters,"['alternative metal', 'alternative rock', 'modern rock', 'permanent wave', 'post-grunge', 'rock']",2002-10-22,17,album,72,One By One (Expanded Edition).jpg
28q2N44ocJECgf8sbHEDfY,There Is Nothing Left To Lose,Foo Fighters,"['alternative metal', 'alternative rock', 'modern rock', 'permanent wave', 'post-grunge', 'rock']",1999-11-02,11,album,74,There Is Nothing Left To Lose.jpg
30ly6F6Xl0TKmyBCU50Khv,The Colour And The Shape,Foo Fighters,"['alternative metal', 'alternative rock', 'modern rock', 'permanent wave', 'post-grunge', 'rock']",1997-05-20,14,album,83,The Colour And The Shape.jpg
4EnNuo8fG7dMoxMefbApRY,Foo Fighters,Foo Fighters,"['alternative metal', 'alternative rock', 'modern rock', 'permanent wave', 'post-grunge', 'rock']",1995-07-04,12,album,68,Foo Fighters.jpg
1ytv4k4Yiz5XupOA1Tbgjm,The Glass,Foo Fighters,"['alternative metal', 'alternative rock', 'modern rock', 'permanent wave', 'post-grunge', 'rock']",2023-11-17,2,single,52,The Glass.jpg
0YjlWM6aXSeonMaInO1kOM,The Teacher,Foo Fighters,"['alternative metal', 'alternative rock', 'modern rock', 'permanent wave', 'post-grunge', 'rock']",2023-05-30,1,single,34,The Teacher.jpg
5apa1NQ3BXK4XlBsbc4MPz,Show Me How,Foo Fighters,"['alternative metal', 'alternative rock', 'modern rock', 'permanent wave', 'post-grunge', 'rock']",2023-05-25,1,single,39,Show Me How.jpg
2XD1xj7tbNEsiwmwyXAKu8,Under You,Foo Fighters,"['alternative metal', 'alternative rock', 'modern rock', 'permanent wave', 'post-grunge', 'rock']",2023-05-17,1,single,48,Under You.jpg
74RB6Y9T2ubqGah14jueyO,Rescued,Foo Fighters,"['alternative metal', 'alternative rock', 'modern rock', 'permanent wave', 'post-grunge', 'rock']",2023-04-19,1,single,49,Rescued.jpg
5aCiqtiBVqMASYAgzf3o8L,Chasing Birds (Preservation Hall Jazz Band Re-Version),Foo Fighters,"['alternative metal', 'alternative rock', 'modern rock', 'permanent wave', 'post-grunge', 'rock']",2021-10-08,1,single,20,Chasing Birds (Preservation Hall Jazz Band Re-Version).jpg
0JGOiO34nwfUdDrD612dOp,Happier Than Ever,Billie Eilish,"['art pop', 'pop']",2021-07-30,16,album,89,Happier Than Ever.jpg
0S0KGZnfBGSIssfF54WSJh,"WHEN WE ALL FALL ASLEEP, WHERE DO WE GO?",Billie Eilish,"['art pop', 'pop']",2019-03-29,14,album,90,"WHEN WE ALL FALL ASLEEP, WHERE DO WE GO?.jpg"
3AafSrFIbJPH6BJHiJm1Cd,"What Was I Made For? [From The Motion Picture ""Barbie""]",Billie Eilish,"['art pop', 'pop']",2023-07-13,1,single,87,"What Was I Made For? [From The Motion Picture ""Barbie""].jpg"
5iq9BytomHl2yBtORjUlzP,hotline (edit),Billie Eilish,"['art pop', 'pop']",2023-05-09,1,single,79,hotline (edit).jpg
1YPWxMpQEC8kcOuefgXbhj,Guitar Songs,Billie Eilish,"['art pop', 'pop']",2022-07-21,2,single,80,Guitar Songs.jpg
2kzPJWrTjVKEYWWhowXLnz,Happier Than Ever (Edit),Billie Eilish,"['art pop', 'pop']",2021-07-28,1,single,71,Happier Than Ever (Edit).jpg
2AyexmwyUy1nZfBadyewL7,ilomilo (Live From The Film - Billie Eilish: The World’s A Little Blurry),Billie Eilish,"['art pop', 'pop']",2021-02-22,1,single,54,ilomilo (Live From The Film - Billie Eilish: The World’s A Little Blurry).jpg
4E8puNI8tw7cXz6YJkwMew,Lo Vas A Olvidar (with ROSALÍA),Billie Eilish,"['art pop', 'pop']",2021-01-21,1,single,58,Lo Vas A Olvidar (with ROSALÍA).jpg
5G58VVE9ub1KE01Mvbd8XM,Therefore I Am,Billie Eilish,"['art pop', 'pop']",2020-11-12,1,single,67,Therefore I Am.jpg
3oxhQpF3Twbkl18oQYfnh5,my future,Billie Eilish,"['art pop', 'pop']",2020-07-30,1,single,64,my future.jpg
5sXSHscDjBez8VF20cSyad,No Time To Die,Billie Eilish,"['art pop', 'pop']",2020-02-13,1,single,71,No Time To Die.jpg
4i3rAwPw7Ln2YrKDusaWyT,everything i wanted,Billie Eilish,"['art pop', 'pop']",2019-11-13,1,single,79,everything i wanted.jpg
6lMlX68jJrx67hiCqdiDvW,bad guy (with Justin Bieber),Billie Eilish,"['art pop', 'pop']",2019-07-11,1,single,60,bad guy (with Justin Bieber).jpg
0LgnntyagLdfW5Dz2OSYHU,WHEN I WAS OLDER (Music Inspired By The Film ROMA),Billie Eilish,"['art pop', 'pop']",2019-01-09,1,single,58,WHEN I WAS OLDER (Music Inspired By The Film ROMA).jpg
0ifM8RTX9HjtCJtY9452bW,come out and play,Billie Eilish,"['art pop', 'pop']",2018-11-20,1,single,61,come out and play.jpg
2sBB17RXTamvj7Ncps15AK,lovely (with Khalid),Billie Eilish,"['art pop', 'pop']",2018-04-19,1,single,84,lovely (with Khalid).jpg
1Z0XtKcevvITZ5ydimkYcx,bitches broken hearts,Billie Eilish,"['art pop', 'pop']",2018-03-30,1,single,68,bitches broken hearts.jpg
5m9lO9SriYMPpXTrVIU8P5,MyBoi (TroyBoi Remix),Billie Eilish,"['art pop', 'pop']",2018-03-09,1,single,49,MyBoi (TroyBoi Remix).jpg
5XRJoC2QtsNbAubsCrBBbG,COPYCAT (Sofi Tukker Remix),Billie Eilish,"['art pop', 'pop']",2018-01-12,1,single,49,COPYCAT (Sofi Tukker Remix).jpg
7fRrTyKvE4Skh93v97gtcU,dont smile at me,Billie Eilish,"['art pop', 'pop']",2017-12-22,9,single,86,dont smile at me.jpg
18NOKLkZETa4sWwLMIm0UZ,UTOPIA,Travis Scott,"['hip hop', 'rap', 'slap house']",2023-07-28,19,album,97,UTOPIA.jpg
1Sf8GsXG32t0jNrX11xqWx,JACKBOYS,Travis Scott,"['hip hop', 'rap', 'slap house']",2019-12-27,7,album,79,JACKBOYS.jpg
41GuZcammIkupMPKH2OJ6I,ASTROWORLD,Travis Scott,"['hip hop', 'rap', 'slap house']",2018-08-03,17,album,92,ASTROWORLD.jpg
6FED8aeieEnUWwQqAO9zT1,"Huncho Jack, Jack Huncho",Travis Scott,"['hip hop', 'rap', 'slap house']",2017-12-21,13,album,70,"Huncho Jack, Jack Huncho.jpg"
42WVQWuf1teDysXiOupIZt,Birds In The Trap Sing McKnight,Travis Scott,"['hip hop', 'rap', 'slap house']",2016-09-16,14,album,87,Birds In The Trap Sing McKnight.jpg
4PWBTB6NYSKQwfo79I3prg,Rodeo,Travis Scott,"['hip hop', 'rap', 'slap house']",2015-09-04,16,album,87,Rodeo.jpg
4rdRRSa0PSQca066SdtsWT,née-nah,Travis Scott,"['hip hop', 'rap', 'slap house']",2024-01-10,1,single,69,née-nah.jpg
7DWPd7wOj9g0N5krVFil0Z,Water (Remix),Travis Scott,"['hip hop', 'rap', 'slap house']",2023-11-17,1,single,68,Water (Remix).jpg
61XhXTtorAgw4lRnh8GN0c,MELTDOWN (feat. Drake),Travis Scott,"['hip hop', 'rap', 'slap house']",2023-07-27,1,single,45,MELTDOWN (feat. Drake).jpg
0219TxSZyWhfo1DgafkjX2,DELRESTO (ECHOES),Travis Scott,"['hip hop', 'rap', 'slap house']",2023-07-26,1,single,45,DELRESTO (ECHOES).jpg
2lzV5TIBiLED8eCjwsGBIv,MELTDOWN (feat. Drake) [Instrumental],Travis Scott,"['hip hop', 'rap', 'slap house']",2023-07-25,1,single,34,MELTDOWN (feat. Drake) [Instrumental].jpg
10eNMeTimUzAKLhCOpIUlb,K-POP,Travis Scott,"['hip hop', 'rap', 'slap house']",2023-07-21,1,single,73,K-POP.jpg
0jiAYLsE1PumLJncO7vUIl,K-POP (Chopped & Screwed),Travis Scott,"['hip hop', 'rap', 'slap house']",2023-07-18,4,single,43,K-POP (Chopped & Screwed).jpg
3qyI2OybsEcxL8iTuhdBHr,"Ring Ring (feat. Travis Scott, Don Toliver, Quavo & Ty Dolla $ign) [Extended Version]",Travis Scott,"['hip hop', 'rap', 'slap house']",2023-07-05,2,single,43,"Ring Ring (feat. Travis Scott, Don Toliver, Quavo & Ty Dolla $ign) [Extended Version].jpg"
6Op5Oqgnb443EjcHdAR5eY,"Ring Ring (feat. Travis Scott, Don Toliver, Quavo & Ty Dolla $ign)",Travis Scott,"['hip hop', 'rap', 'slap house']",2023-05-11,1,single,56,"Ring Ring (feat. Travis Scott, Don Toliver, Quavo & Ty Dolla $ign).jpg"
0Z3NTCoaxoeU9C7F3sgbAC,Embarrassed (feat. Travis Scott),Travis Scott,"['hip hop', 'rap', 'slap house']",2023-02-23,1,single,48,Embarrassed (feat. Travis Scott).jpg
2hO1pS6rqDGhBR36ijl3q1,KRZY TRAIN,Travis Scott,"['hip hop', 'rap', 'slap house']",2023-01-19,1,single,32,KRZY TRAIN.jpg
3SxiMoJROq0kvfbQtd75xp,Down In Atlanta,Travis Scott,"['hip hop', 'rap', 'slap house']",2022-11-18,1,single,62,Down In Atlanta.jpg
27rslGtWf5WEDhLlG05r12,Hold That Heat (feat. Travis Scott),Travis Scott,"['hip hop', 'rap', 'slap house']",2022-04-22,1,single,57,Hold That Heat (feat. Travis Scott).jpg
5FB5E1fwFeVqpz2CCzRSve,ESCAPE PLAN / MAFIA,Travis Scott,"['hip hop', 'rap', 'slap house']",2021-11-05,2,single,71,ESCAPE PLAN / MAFIA.jpg
